(	-850.0000	-500.0000	378.7317	)
(	-850.0000	-490.0000	378.4493	)
(	-850.0000	-480.0000	378.0852	)
(	-850.0000	-470.0000	377.5714	)
(	-850.0000	-460.0000	377.0474	)
(	-850.0000	-450.0000	376.4942	)
(	-850.0000	-440.0000	376.5014	)
(	-850.0000	-430.0000	377.6234	)
(	-850.0000	-420.0000	378.4406	)
(	-850.0000	-410.0000	378.7433	)
(	-850.0000	-400.0000	379.1482	)
(	-850.0000	-390.0000	379.7257	)
(	-850.0000	-380.0000	380.2262	)
(	-850.0000	-370.0000	380.6174	)
(	-850.0000	-360.0000	380.8748	)
(	-850.0000	-350.0000	380.9193	)
(	-850.0000	-340.0000	380.9843	)
(	-850.0000	-330.0000	381.0824	)
(	-850.0000	-320.0000	381.1273	)
(	-850.0000	-310.0000	381.0876	)
(	-850.0000	-300.0000	381.2298	)
(	-850.0000	-290.0000	381.6822	)
(	-850.0000	-280.0000	381.9140	)
(	-850.0000	-270.0000	381.6570	)
(	-850.0000	-260.0000	381.1975	)
(	-850.0000	-250.0000	380.1859	)
(	-850.0000	-240.0000	378.9001	)
(	-850.0000	-230.0000	376.8112	)
(	-850.0000	-220.0000	374.6951	)
(	-850.0000	-210.0000	372.5453	)
(	-850.0000	-200.0000	370.5914	)
(	-850.0000	-190.0000	369.3163	)
(	-850.0000	-180.0000	368.9583	)
(	-850.0000	-170.0000	370.3650	)
(	-850.0000	-160.0000	371.5227	)
(	-850.0000	-150.0000	372.5331	)
(	-850.0000	-140.0000	373.3393	)
(	-850.0000	-130.0000	373.8549	)
(	-850.0000	-120.0000	374.7208	)
(	-850.0000	-110.0000	376.1825	)
(	-850.0000	-80.0000	377.0766	)
(	-850.0000	-70.0000	376.8875	)
(	-850.0000	-60.0000	376.6784	)
(	-850.0000	-50.0000	376.4354	)
(	-850.0000	-20.0000	375.8805	)
(	-850.0000	-10.0000	375.7730	)
(	-850.0000	130.0000	373.2220	)
(	-850.0000	140.0000	372.5397	)
(	-850.0000	150.0000	372.1462	)
(	-850.0000	160.0000	371.8613	)
(	-850.0000	170.0000	371.7490	)
(	-850.0000	180.0000	371.6517	)
(	-850.0000	190.0000	371.5506	)
(	-840.0000	-500.0000	378.4765	)
(	-840.0000	-490.0000	378.3337	)
(	-840.0000	-480.0000	378.0924	)
(	-840.0000	-470.0000	377.6754	)
(	-840.0000	-460.0000	377.1782	)
(	-840.0000	-450.0000	376.5306	)
(	-840.0000	-440.0000	376.4087	)
(	-840.0000	-430.0000	377.2848	)
(	-840.0000	-420.0000	377.8709	)
(	-840.0000	-410.0000	377.9611	)
(	-840.0000	-400.0000	378.1782	)
(	-840.0000	-390.0000	378.5939	)
(	-840.0000	-380.0000	378.9684	)
(	-840.0000	-370.0000	379.2778	)
(	-840.0000	-360.0000	379.4801	)
(	-840.0000	-350.0000	379.5082	)
(	-840.0000	-340.0000	379.5526	)
(	-840.0000	-330.0000	379.6242	)
(	-840.0000	-320.0000	379.6473	)
(	-840.0000	-310.0000	379.5935	)
(	-840.0000	-300.0000	379.6978	)
(	-840.0000	-290.0000	380.0527	)
(	-840.0000	-280.0000	380.1532	)
(	-840.0000	-270.0000	379.7213	)
(	-840.0000	-260.0000	379.1243	)
(	-840.0000	-250.0000	378.1273	)
(	-840.0000	-240.0000	377.0356	)
(	-840.0000	-230.0000	375.3240	)
(	-840.0000	-220.0000	373.8765	)
(	-840.0000	-210.0000	372.0975	)
(	-840.0000	-200.0000	370.8114	)
(	-840.0000	-190.0000	369.6095	)
(	-840.0000	-180.0000	369.6442	)
(	-840.0000	-170.0000	371.0730	)
(	-840.0000	-160.0000	372.3650	)
(	-840.0000	-150.0000	373.3717	)
(	-840.0000	-140.0000	374.1519	)
(	-840.0000	-130.0000	374.5919	)
(	-840.0000	-120.0000	375.3170	)
(	-840.0000	-90.0000	377.2647	)
(	-840.0000	-80.0000	377.2065	)
(	-840.0000	-70.0000	377.0248	)
(	-840.0000	-60.0000	376.8064	)
(	-840.0000	-50.0000	376.5275	)
(	-840.0000	-20.0000	375.8871	)
(	-840.0000	-10.0000	375.7932	)
(	-840.0000	130.0000	373.5081	)
(	-840.0000	140.0000	372.8213	)
(	-840.0000	150.0000	372.3529	)
(	-840.0000	160.0000	372.0187	)
(	-840.0000	170.0000	371.9000	)
(	-840.0000	180.0000	371.7825	)
(	-840.0000	190.0000	371.6772	)
(	-830.0000	-500.0000	377.9684	)
(	-830.0000	-490.0000	378.0108	)
(	-830.0000	-480.0000	377.9354	)
(	-830.0000	-470.0000	377.6569	)
(	-830.0000	-460.0000	377.2273	)
(	-830.0000	-450.0000	376.5211	)
(	-830.0000	-440.0000	376.3023	)
(	-830.0000	-430.0000	376.9689	)
(	-830.0000	-420.0000	377.3517	)
(	-830.0000	-410.0000	377.2622	)
(	-830.0000	-400.0000	377.3109	)
(	-830.0000	-390.0000	377.5992	)
(	-830.0000	-380.0000	377.8730	)
(	-830.0000	-370.0000	378.1275	)
(	-830.0000	-360.0000	378.2997	)
(	-830.0000	-350.0000	378.3385	)
(	-830.0000	-340.0000	378.3903	)
(	-830.0000	-330.0000	378.4627	)
(	-830.0000	-320.0000	378.4930	)
(	-830.0000	-310.0000	378.4529	)
(	-830.0000	-300.0000	378.5175	)
(	-830.0000	-290.0000	378.7575	)
(	-830.0000	-280.0000	378.7016	)
(	-830.0000	-270.0000	378.0695	)
(	-830.0000	-260.0000	377.3197	)
(	-830.0000	-250.0000	376.3112	)
(	-830.0000	-240.0000	375.2047	)
(	-830.0000	-230.0000	374.2334	)
(	-830.0000	-220.0000	372.9509	)
(	-830.0000	-210.0000	371.9761	)
(	-830.0000	-200.0000	370.8170	)
(	-830.0000	-190.0000	370.1317	)
(	-830.0000	-180.0000	370.1927	)
(	-830.0000	-170.0000	371.7716	)
(	-830.0000	-160.0000	373.0883	)
(	-830.0000	-150.0000	374.0618	)
(	-830.0000	-140.0000	374.7771	)
(	-830.0000	-130.0000	375.1065	)
(	-830.0000	-100.0000	377.0870	)
(	-830.0000	-90.0000	377.1212	)
(	-830.0000	-80.0000	377.0914	)
(	-830.0000	-70.0000	376.9506	)
(	-830.0000	-60.0000	376.7586	)
(	-830.0000	-50.0000	376.4790	)
(	-830.0000	-20.0000	375.8550	)
(	-830.0000	-10.0000	375.8088	)
(	-830.0000	0.0000	375.7334	)
(	-830.0000	10.0000	375.6124	)
(	-830.0000	20.0000	375.5154	)
(	-830.0000	30.0000	375.4607	)
(	-830.0000	40.0000	375.4079	)
(	-830.0000	50.0000	375.3575	)
(	-830.0000	60.0000	375.3103	)
(	-830.0000	70.0000	375.2661	)
(	-830.0000	80.0000	375.2234	)
(	-830.0000	90.0000	375.1800	)
(	-830.0000	100.0000	375.0956	)
(	-830.0000	110.0000	374.9414	)
(	-830.0000	120.0000	374.5538	)
(	-830.0000	130.0000	373.7758	)
(	-830.0000	140.0000	373.0898	)
(	-830.0000	150.0000	372.5546	)
(	-830.0000	160.0000	372.1781	)
(	-830.0000	170.0000	372.0537	)
(	-830.0000	180.0000	371.9350	)
(	-830.0000	190.0000	371.8165	)
(	-820.0000	-500.0000	377.3691	)
(	-820.0000	-490.0000	377.6294	)
(	-820.0000	-480.0000	377.7532	)
(	-820.0000	-470.0000	377.6472	)
(	-820.0000	-460.0000	377.3122	)
(	-820.0000	-450.0000	376.5818	)
(	-820.0000	-440.0000	376.2971	)
(	-820.0000	-430.0000	376.7959	)
(	-820.0000	-420.0000	377.0199	)
(	-820.0000	-380.0000	376.9917	)
(	-820.0000	-330.0000	377.4506	)
(	-820.0000	-320.0000	377.4741	)
(	-820.0000	-310.0000	377.4348	)
(	-820.0000	-300.0000	377.4507	)
(	-820.0000	-290.0000	377.5609	)
(	-820.0000	-280.0000	377.3336	)
(	-820.0000	-270.0000	376.4829	)
(	-820.0000	-260.0000	375.5746	)
(	-820.0000	-250.0000	374.5527	)
(	-820.0000	-240.0000	373.7166	)
(	-820.0000	-230.0000	372.8939	)
(	-820.0000	-220.0000	372.3701	)
(	-820.0000	-210.0000	371.5258	)
(	-820.0000	-200.0000	371.0527	)
(	-820.0000	-190.0000	370.4372	)
(	-820.0000	-180.0000	370.8605	)
(	-820.0000	-170.0000	372.5052	)
(	-820.0000	-160.0000	373.8836	)
(	-820.0000	-150.0000	374.8400	)
(	-820.0000	-140.0000	375.5089	)
(	-820.0000	-130.0000	375.7419	)
(	-820.0000	-100.0000	377.0780	)
(	-820.0000	-90.0000	377.1163	)
(	-820.0000	-80.0000	377.0976	)
(	-820.0000	-70.0000	376.9834	)
(	-820.0000	-60.0000	376.8001	)
(	-820.0000	-50.0000	376.5028	)
(	-820.0000	-20.0000	375.8455	)
(	-820.0000	-10.0000	375.8301	)
(	-820.0000	0.0000	375.7766	)
(	-820.0000	10.0000	375.6619	)
(	-820.0000	20.0000	375.5757	)
(	-820.0000	30.0000	375.5359	)
(	-820.0000	40.0000	375.4978	)
(	-820.0000	50.0000	375.4641	)
(	-820.0000	60.0000	375.4323	)
(	-820.0000	70.0000	375.4056	)
(	-820.0000	80.0000	375.3781	)
(	-820.0000	90.0000	375.3514	)
(	-820.0000	100.0000	375.2780	)
(	-820.0000	110.0000	375.1270	)
(	-820.0000	120.0000	374.7561	)
(	-820.0000	130.0000	374.0162	)
(	-820.0000	140.0000	373.3271	)
(	-820.0000	150.0000	372.7238	)
(	-820.0000	160.0000	372.3019	)
(	-820.0000	170.0000	372.1740	)
(	-820.0000	180.0000	372.0416	)
(	-820.0000	190.0000	371.9211	)
(	-810.0000	-500.0000	376.6632	)
(	-810.0000	-490.0000	377.1758	)
(	-810.0000	-480.0000	377.5403	)
(	-810.0000	-470.0000	377.6432	)
(	-810.0000	-460.0000	377.4355	)
(	-810.0000	-450.0000	376.7141	)
(	-810.0000	-440.0000	376.3957	)
(	-810.0000	-430.0000	376.7588	)
(	-810.0000	-390.0000	376.2588	)
(	-810.0000	-380.0000	376.2944	)
(	-810.0000	-290.0000	376.4512	)
(	-810.0000	-280.0000	376.0403	)
(	-810.0000	-270.0000	374.9587	)
(	-810.0000	-260.0000	373.8890	)
(	-810.0000	-250.0000	372.8256	)
(	-810.0000	-240.0000	372.0013	)
(	-810.0000	-230.0000	371.9112	)
(	-810.0000	-220.0000	371.5014	)
(	-810.0000	-210.0000	371.4182	)
(	-810.0000	-200.0000	371.0537	)
(	-810.0000	-190.0000	371.0040	)
(	-810.0000	-180.0000	371.5035	)
(	-810.0000	-170.0000	373.3051	)
(	-810.0000	-160.0000	374.7701	)
(	-810.0000	-150.0000	375.7308	)
(	-810.0000	-140.0000	376.3762	)
(	-810.0000	-110.0000	377.0716	)
(	-810.0000	-100.0000	377.2784	)
(	-810.0000	-90.0000	377.2987	)
(	-810.0000	-80.0000	377.2693	)
(	-810.0000	-70.0000	377.1580	)
(	-810.0000	-60.0000	376.9615	)
(	-810.0000	-20.0000	375.8672	)
(	-810.0000	130.0000	374.2175	)
(	-810.0000	140.0000	373.5239	)
(	-810.0000	150.0000	372.8484	)
(	-810.0000	160.0000	372.3813	)
(	-810.0000	170.0000	372.2386	)
(	-810.0000	180.0000	372.1041	)
(	-810.0000	190.0000	371.9616	)
(	-800.0000	-500.0000	375.7236	)
(	-800.0000	-480.0000	376.9449	)
(	-800.0000	-470.0000	377.2555	)
(	-800.0000	-460.0000	377.1849	)
(	-800.0000	-450.0000	376.4939	)
(	-800.0000	-410.0000	376.2138	)
(	-800.0000	-400.0000	375.9646	)
(	-800.0000	-390.0000	375.8935	)
(	-800.0000	-380.0000	375.8799	)
(	-800.0000	-370.0000	375.9624	)
(	-800.0000	-300.0000	375.8867	)
(	-800.0000	-290.0000	375.7399	)
(	-800.0000	-280.0000	375.2064	)
(	-800.0000	-270.0000	374.0081	)
(	-800.0000	-260.0000	372.9030	)
(	-800.0000	-250.0000	371.8858	)
(	-800.0000	-240.0000	371.2949	)
(	-800.0000	-230.0000	371.2832	)
(	-800.0000	-220.0000	371.2091	)
(	-800.0000	-210.0000	371.2061	)
(	-800.0000	-200.0000	371.1928	)
(	-800.0000	-190.0000	371.2178	)
(	-800.0000	-180.0000	371.9027	)
(	-800.0000	-170.0000	373.7285	)
(	-800.0000	-160.0000	375.2076	)
(	-800.0000	-150.0000	376.1544	)
(	-800.0000	-120.0000	377.0810	)
(	-800.0000	-110.0000	377.2586	)
(	-800.0000	-100.0000	377.3675	)
(	-800.0000	-90.0000	377.3639	)
(	-800.0000	-80.0000	377.3187	)
(	-800.0000	-60.0000	376.9999	)
(	-800.0000	-50.0000	376.6515	)
(	-800.0000	-20.0000	375.8368	)
(	-800.0000	0.0000	375.7720	)
(	-800.0000	10.0000	375.6616	)
(	-800.0000	20.0000	375.5890	)
(	-800.0000	30.0000	375.5777	)
(	-800.0000	40.0000	375.5703	)
(	-800.0000	50.0000	375.5690	)
(	-800.0000	60.0000	375.5647	)
(	-800.0000	70.0000	375.5556	)
(	-800.0000	80.0000	375.5454	)
(	-800.0000	90.0000	375.5328	)
(	-800.0000	100.0000	375.4700	)
(	-800.0000	130.0000	374.2513	)
(	-800.0000	140.0000	373.5348	)
(	-800.0000	150.0000	372.8087	)
(	-800.0000	160.0000	372.3128	)
(	-800.0000	170.0000	372.1689	)
(	-800.0000	180.0000	372.0409	)
(	-800.0000	190.0000	371.8972	)
(	-790.0000	-470.0000	376.3418	)
(	-790.0000	-460.0000	376.4212	)
(	-790.0000	-410.0000	375.9506	)
(	-790.0000	-400.0000	375.8259	)
(	-790.0000	-390.0000	375.8079	)
(	-790.0000	-380.0000	375.8457	)
(	-790.0000	-370.0000	375.9782	)
(	-790.0000	-360.0000	376.0218	)
(	-790.0000	-300.0000	375.7984	)
(	-790.0000	-290.0000	375.5722	)
(	-790.0000	-280.0000	375.0018	)
(	-790.0000	-270.0000	373.8393	)
(	-790.0000	-260.0000	372.8472	)
(	-790.0000	-250.0000	372.1699	)
(	-790.0000	-240.0000	371.6352	)
(	-790.0000	-230.0000	371.4802	)
(	-790.0000	-220.0000	371.3875	)
(	-790.0000	-210.0000	371.2229	)
(	-790.0000	-200.0000	371.1872	)
(	-790.0000	-190.0000	371.2881	)
(	-790.0000	-180.0000	371.9604	)
(	-790.0000	-170.0000	373.6532	)
(	-790.0000	-160.0000	375.0394	)
(	-790.0000	-150.0000	375.9463	)
(	-790.0000	-120.0000	376.9797	)
(	-790.0000	-110.0000	377.1888	)
(	-790.0000	-100.0000	377.3057	)
(	-790.0000	-90.0000	377.2714	)
(	-790.0000	-80.0000	377.2018	)
(	-790.0000	-60.0000	376.8698	)
(	-790.0000	-50.0000	376.5477	)
(	-790.0000	-20.0000	375.7374	)
(	-790.0000	130.0000	374.0598	)
(	-790.0000	140.0000	373.2940	)
(	-790.0000	150.0000	372.5438	)
(	-790.0000	160.0000	372.0358	)
(	-790.0000	170.0000	371.9222	)
(	-790.0000	180.0000	371.7988	)
(	-790.0000	190.0000	371.6943	)
(	-780.0000	-460.0000	376.4679	)
(	-780.0000	-450.0000	375.7831	)
(	-780.0000	-420.0000	376.0026	)
(	-780.0000	-410.0000	375.8488	)
(	-780.0000	-400.0000	375.7689	)
(	-780.0000	-370.0000	376.0418	)
(	-780.0000	-360.0000	376.0729	)
(	-780.0000	-310.0000	375.7558	)
(	-780.0000	-300.0000	375.6885	)
(	-780.0000	-290.0000	375.3883	)
(	-780.0000	-280.0000	374.7866	)
(	-780.0000	-270.0000	373.6652	)
(	-780.0000	-260.0000	372.8412	)
(	-780.0000	-250.0000	372.2686	)
(	-780.0000	-240.0000	371.9278	)
(	-780.0000	-230.0000	371.7550	)
(	-780.0000	-220.0000	371.5216	)
(	-780.0000	-210.0000	371.3358	)
(	-780.0000	-200.0000	371.2395	)
(	-780.0000	-190.0000	371.3651	)
(	-780.0000	-180.0000	372.0070	)
(	-780.0000	-170.0000	373.5483	)
(	-780.0000	-160.0000	374.8246	)
(	-780.0000	-150.0000	375.6751	)
(	-780.0000	-120.0000	376.7595	)
(	-780.0000	-110.0000	376.9812	)
(	-780.0000	-100.0000	377.1056	)
(	-780.0000	-90.0000	377.0657	)
(	-780.0000	-80.0000	376.9970	)
(	-780.0000	-60.0000	376.7040	)
(	-780.0000	-50.0000	376.4348	)
(	-780.0000	-20.0000	375.7051	)
(	-780.0000	-10.0000	375.6596	)
(	-780.0000	0.0000	375.5878	)
(	-780.0000	10.0000	375.4718	)
(	-780.0000	20.0000	375.4125	)
(	-780.0000	30.0000	375.4476	)
(	-780.0000	40.0000	375.4927	)
(	-780.0000	50.0000	375.5535	)
(	-780.0000	60.0000	375.5831	)
(	-780.0000	70.0000	375.5613	)
(	-780.0000	80.0000	375.5325	)
(	-780.0000	90.0000	375.4928	)
(	-780.0000	100.0000	375.4124	)
(	-780.0000	110.0000	375.2647	)
(	-780.0000	120.0000	374.8545	)
(	-780.0000	130.0000	374.0002	)
(	-780.0000	140.0000	373.1720	)
(	-780.0000	150.0000	372.3842	)
(	-780.0000	160.0000	371.8559	)
(	-780.0000	170.0000	371.7463	)
(	-780.0000	180.0000	371.6339	)
(	-780.0000	190.0000	371.5333	)
(	-770.0000	-470.0000	377.6638	)
(	-770.0000	-460.0000	377.6035	)
(	-770.0000	-450.0000	376.6790	)
(	-770.0000	-440.0000	376.1601	)
(	-770.0000	-430.0000	376.2899	)
(	-770.0000	-420.0000	376.2617	)
(	-770.0000	-410.0000	375.9768	)
(	-770.0000	-400.0000	375.8238	)
(	-770.0000	-390.0000	375.8759	)
(	-770.0000	-360.0000	376.1782	)
(	-770.0000	-350.0000	375.8709	)
(	-770.0000	-320.0000	375.5139	)
(	-770.0000	-310.0000	375.6194	)
(	-770.0000	-300.0000	375.5466	)
(	-770.0000	-290.0000	375.1780	)
(	-770.0000	-280.0000	374.5546	)
(	-770.0000	-270.0000	373.4908	)
(	-770.0000	-260.0000	372.6865	)
(	-770.0000	-250.0000	372.5732	)
(	-770.0000	-240.0000	372.2909	)
(	-770.0000	-230.0000	371.9994	)
(	-770.0000	-220.0000	371.7506	)
(	-770.0000	-210.0000	371.4424	)
(	-770.0000	-200.0000	371.3147	)
(	-770.0000	-190.0000	371.4559	)
(	-770.0000	-180.0000	372.0423	)
(	-770.0000	-170.0000	373.4090	)
(	-770.0000	-160.0000	374.5467	)
(	-770.0000	-150.0000	375.3147	)
(	-770.0000	-140.0000	375.8844	)
(	-770.0000	-110.0000	376.5883	)
(	-770.0000	-100.0000	376.7168	)
(	-770.0000	-90.0000	376.7066	)
(	-770.0000	-80.0000	376.6731	)
(	-770.0000	-70.0000	376.6022	)
(	-770.0000	-60.0000	376.4886	)
(	-770.0000	-20.0000	375.7624	)
(	-770.0000	20.0000	375.5548	)
(	-770.0000	30.0000	375.6270	)
(	-770.0000	40.0000	375.7116	)
(	-770.0000	50.0000	375.8153	)
(	-770.0000	60.0000	375.8751	)
(	-770.0000	70.0000	375.8596	)
(	-770.0000	80.0000	375.8342	)
(	-770.0000	90.0000	375.7927	)
(	-770.0000	100.0000	375.7029	)
(	-770.0000	130.0000	374.1210	)
(	-770.0000	140.0000	373.2119	)
(	-770.0000	150.0000	372.3691	)
(	-770.0000	160.0000	371.8022	)
(	-770.0000	170.0000	371.6762	)
(	-770.0000	180.0000	371.5614	)
(	-770.0000	190.0000	371.4454	)
(	-760.0000	-480.0000	377.9018	)
(	-760.0000	-470.0000	378.3469	)
(	-760.0000	-460.0000	378.2221	)
(	-760.0000	-450.0000	377.1568	)
(	-760.0000	-440.0000	376.4947	)
(	-760.0000	-430.0000	376.4883	)
(	-760.0000	-420.0000	376.3618	)
(	-760.0000	-410.0000	376.0293	)
(	-760.0000	-360.0000	375.8998	)
(	-760.0000	-350.0000	375.4012	)
(	-760.0000	-340.0000	374.9998	)
(	-760.0000	-330.0000	374.7666	)
(	-760.0000	-320.0000	374.6399	)
(	-760.0000	-310.0000	374.6976	)
(	-760.0000	-300.0000	374.6531	)
(	-760.0000	-290.0000	374.4073	)
(	-760.0000	-280.0000	374.0384	)
(	-760.0000	-270.0000	373.0171	)
(	-760.0000	-260.0000	372.8112	)
(	-760.0000	-250.0000	372.7820	)
(	-760.0000	-240.0000	373.0714	)
(	-760.0000	-230.0000	372.7733	)
(	-760.0000	-220.0000	372.6826	)
(	-760.0000	-210.0000	372.4929	)
(	-760.0000	-200.0000	372.3812	)
(	-760.0000	-190.0000	372.4512	)
(	-760.0000	-180.0000	372.8975	)
(	-760.0000	-170.0000	374.0034	)
(	-760.0000	-160.0000	374.9174	)
(	-760.0000	-150.0000	375.5145	)
(	-760.0000	-140.0000	375.9551	)
(	-760.0000	-130.0000	376.1455	)
(	-760.0000	-90.0000	376.4781	)
(	-760.0000	-80.0000	376.4589	)
(	-760.0000	-70.0000	376.4132	)
(	-760.0000	-60.0000	376.3409	)
(	-760.0000	-50.0000	376.2230	)
(	-760.0000	-20.0000	375.7994	)
(	-760.0000	70.0000	376.0197	)
(	-760.0000	80.0000	375.9866	)
(	-760.0000	90.0000	375.9326	)
(	-760.0000	100.0000	375.8348	)
(	-760.0000	130.0000	374.1537	)
(	-760.0000	140.0000	373.1884	)
(	-760.0000	150.0000	372.3140	)
(	-760.0000	160.0000	371.7331	)
(	-760.0000	170.0000	371.6119	)
(	-760.0000	180.0000	371.5228	)
(	-760.0000	190.0000	371.4072	)
(	-750.0000	-490.0000	377.4680	)
(	-750.0000	-480.0000	377.7400	)
(	-750.0000	-470.0000	378.2733	)
(	-750.0000	-460.0000	378.1935	)
(	-750.0000	-450.0000	377.0886	)
(	-750.0000	-440.0000	376.3934	)
(	-750.0000	-430.0000	376.3621	)
(	-750.0000	-420.0000	376.2431	)
(	-750.0000	-410.0000	375.9735	)
(	-750.0000	-370.0000	375.4111	)
(	-750.0000	-340.0000	373.5913	)
(	-750.0000	-320.0000	372.7550	)
(	-750.0000	-310.0000	372.6391	)
(	-750.0000	-300.0000	372.6368	)
(	-750.0000	-290.0000	372.7776	)
(	-750.0000	-280.0000	372.6570	)
(	-750.0000	-270.0000	372.5139	)
(	-750.0000	-260.0000	372.4451	)
(	-750.0000	-250.0000	373.6945	)
(	-750.0000	-240.0000	374.1656	)
(	-750.0000	-230.0000	374.4841	)
(	-750.0000	-220.0000	374.7090	)
(	-750.0000	-210.0000	374.8933	)
(	-750.0000	-200.0000	374.9598	)
(	-750.0000	-190.0000	374.8141	)
(	-750.0000	-180.0000	374.9811	)
(	-750.0000	-170.0000	375.6952	)
(	-750.0000	-160.0000	376.2427	)
(	-750.0000	-150.0000	376.5346	)
(	-750.0000	-140.0000	376.7087	)
(	-750.0000	-130.0000	376.6922	)
(	-750.0000	-120.0000	376.6418	)
(	-750.0000	-110.0000	376.5295	)
(	-750.0000	-80.0000	376.3926	)
(	-750.0000	-70.0000	376.3430	)
(	-750.0000	-60.0000	376.2830	)
(	-750.0000	-50.0000	376.2009	)
(	-750.0000	-20.0000	375.8118	)
(	-750.0000	0.0000	375.7329	)
(	-750.0000	10.0000	375.6072	)
(	-750.0000	20.0000	375.5688	)
(	-750.0000	30.0000	375.6752	)
(	-750.0000	40.0000	375.7992	)
(	-750.0000	130.0000	374.0661	)
(	-750.0000	140.0000	373.0761	)
(	-750.0000	150.0000	372.2009	)
(	-750.0000	160.0000	371.6375	)
(	-750.0000	170.0000	371.5766	)
(	-750.0000	180.0000	371.4972	)
(	-750.0000	190.0000	371.4634	)
(	-740.0000	-490.0000	377.2756	)
(	-740.0000	-480.0000	377.5501	)
(	-740.0000	-460.0000	378.1599	)
(	-740.0000	-450.0000	377.0298	)
(	-740.0000	-440.0000	376.3139	)
(	-740.0000	-430.0000	376.2682	)
(	-740.0000	-420.0000	376.1688	)
(	-740.0000	-410.0000	375.9740	)
(	-740.0000	-400.0000	375.7532	)
(	-740.0000	-380.0000	375.2890	)
(	-740.0000	-360.0000	374.6933	)
(	-740.0000	-350.0000	373.6602	)
(	-740.0000	-320.0000	371.6360	)
(	-740.0000	-310.0000	371.4444	)
(	-740.0000	-300.0000	371.4453	)
(	-740.0000	-290.0000	371.7717	)
(	-740.0000	-280.0000	371.9799	)
(	-740.0000	-270.0000	371.9369	)
(	-740.0000	-260.0000	372.5263	)
(	-740.0000	-250.0000	373.9341	)
(	-740.0000	-240.0000	375.0582	)
(	-740.0000	-230.0000	375.4855	)
(	-740.0000	-220.0000	375.8893	)
(	-740.0000	-210.0000	376.2546	)
(	-740.0000	-200.0000	376.3971	)
(	-740.0000	-190.0000	376.1681	)
(	-740.0000	-180.0000	376.1797	)
(	-740.0000	-170.0000	376.6080	)
(	-740.0000	-160.0000	376.9130	)
(	-740.0000	-150.0000	377.0223	)
(	-740.0000	-140.0000	377.0506	)
(	-740.0000	-130.0000	376.9470	)
(	-740.0000	-120.0000	376.7952	)
(	-740.0000	-110.0000	376.5640	)
(	-740.0000	-100.0000	376.4037	)
(	-740.0000	-70.0000	376.2642	)
(	-740.0000	-60.0000	376.2160	)
(	-740.0000	-50.0000	376.1740	)
(	-740.0000	-20.0000	375.8243	)
(	-740.0000	30.0000	375.6497	)
(	-740.0000	40.0000	375.7889	)
(	-740.0000	50.0000	375.9620	)
(	-740.0000	60.0000	376.0471	)
(	-740.0000	70.0000	375.9887	)
(	-740.0000	130.0000	373.9707	)
(	-740.0000	140.0000	372.9437	)
(	-740.0000	150.0000	372.0569	)
(	-740.0000	160.0000	371.4996	)
(	-740.0000	170.0000	371.4590	)
(	-740.0000	180.0000	371.4375	)
(	-740.0000	190.0000	371.4134	)
(	-730.0000	-500.0000	377.0181	)
(	-730.0000	-490.0000	377.0359	)
(	-730.0000	-470.0000	378.0807	)
(	-730.0000	-460.0000	378.1237	)
(	-730.0000	-440.0000	376.2606	)
(	-730.0000	-430.0000	376.2163	)
(	-730.0000	-420.0000	376.1516	)
(	-730.0000	-410.0000	376.0454	)
(	-730.0000	-400.0000	375.8890	)
(	-730.0000	-390.0000	375.6544	)
(	-730.0000	-380.0000	375.4627	)
(	-730.0000	-360.0000	374.8499	)
(	-730.0000	-350.0000	373.6990	)
(	-730.0000	-340.0000	372.7130	)
(	-730.0000	-330.0000	371.9992	)
(	-730.0000	-320.0000	371.4914	)
(	-730.0000	-310.0000	371.3241	)
(	-730.0000	-300.0000	371.3133	)
(	-730.0000	-290.0000	371.5673	)
(	-730.0000	-280.0000	371.7297	)
(	-730.0000	-270.0000	371.7600	)
(	-730.0000	-260.0000	372.3556	)
(	-730.0000	-250.0000	374.1692	)
(	-730.0000	-240.0000	375.3716	)
(	-730.0000	-230.0000	375.7271	)
(	-730.0000	-220.0000	376.0532	)
(	-730.0000	-210.0000	376.3338	)
(	-730.0000	-200.0000	376.4440	)
(	-730.0000	-190.0000	376.2643	)
(	-730.0000	-160.0000	376.7614	)
(	-730.0000	-150.0000	376.8263	)
(	-730.0000	-140.0000	376.8480	)
(	-730.0000	-130.0000	376.7981	)
(	-730.0000	-120.0000	376.6906	)
(	-730.0000	-110.0000	376.4877	)
(	-730.0000	-100.0000	376.3369	)
(	-730.0000	-90.0000	376.2785	)
(	-730.0000	-50.0000	376.1398	)
(	-730.0000	-40.0000	376.0855	)
(	-730.0000	-20.0000	375.8383	)
(	-730.0000	-10.0000	375.7896	)
(	-730.0000	0.0000	375.7026	)
(	-730.0000	10.0000	375.5508	)
(	-730.0000	20.0000	375.5064	)
(	-730.0000	30.0000	375.6411	)
(	-730.0000	40.0000	375.7987	)
(	-730.0000	50.0000	375.9944	)
(	-730.0000	60.0000	376.0884	)
(	-730.0000	70.0000	376.0153	)
(	-730.0000	80.0000	375.9213	)
(	-730.0000	90.0000	375.7921	)
(	-730.0000	100.0000	375.6680	)
(	-730.0000	110.0000	375.5512	)
(	-730.0000	120.0000	375.0417	)
(	-730.0000	130.0000	373.8629	)
(	-730.0000	140.0000	372.7860	)
(	-730.0000	150.0000	371.8730	)
(	-730.0000	160.0000	371.3058	)
(	-730.0000	170.0000	371.2893	)
(	-730.0000	180.0000	371.2715	)
(	-730.0000	190.0000	371.2834	)
(	-720.0000	-500.0000	376.8689	)
(	-720.0000	-470.0000	377.9751	)
(	-720.0000	-440.0000	376.1567	)
(	-720.0000	-430.0000	376.0982	)
(	-720.0000	-420.0000	376.0511	)
(	-720.0000	-410.0000	376.0171	)
(	-720.0000	-400.0000	375.9220	)
(	-720.0000	-390.0000	375.7242	)
(	-720.0000	-380.0000	375.5667	)
(	-720.0000	-370.0000	375.4812	)
(	-720.0000	-360.0000	374.9675	)
(	-720.0000	-340.0000	372.6508	)
(	-720.0000	-330.0000	371.8924	)
(	-720.0000	-320.0000	371.3757	)
(	-720.0000	-310.0000	371.2480	)
(	-720.0000	-300.0000	371.2278	)
(	-720.0000	-290.0000	371.4154	)
(	-720.0000	-280.0000	371.5217	)
(	-720.0000	-270.0000	371.5607	)
(	-720.0000	-260.0000	372.3141	)
(	-720.0000	-250.0000	374.3271	)
(	-720.0000	-240.0000	375.6439	)
(	-720.0000	-230.0000	375.9111	)
(	-720.0000	-220.0000	376.1445	)
(	-720.0000	-210.0000	376.3254	)
(	-720.0000	-200.0000	376.3998	)
(	-720.0000	-190.0000	376.2809	)
(	-720.0000	-180.0000	376.2699	)
(	-720.0000	-170.0000	376.4417	)
(	-720.0000	-140.0000	376.6174	)
(	-720.0000	-130.0000	376.6327	)
(	-720.0000	-120.0000	376.5789	)
(	-720.0000	-110.0000	376.4142	)
(	-720.0000	-100.0000	376.2799	)
(	-720.0000	-90.0000	376.2047	)
(	-720.0000	-80.0000	376.1385	)
(	-720.0000	-70.0000	376.0877	)
(	-720.0000	-40.0000	376.0862	)
(	-720.0000	-20.0000	375.8540	)
(	-720.0000	130.0000	373.9948	)
(	-720.0000	140.0000	372.8481	)
(	-720.0000	150.0000	371.8886	)
(	-720.0000	160.0000	371.2944	)
(	-720.0000	170.0000	371.2785	)
(	-720.0000	180.0000	371.2578	)
(	-720.0000	190.0000	371.2728	)
(	-710.0000	-480.0000	376.9380	)
(	-710.0000	-470.0000	377.8694	)
(	-710.0000	-450.0000	376.7742	)
(	-710.0000	-440.0000	375.9866	)
(	-710.0000	-420.0000	375.8376	)
(	-710.0000	-410.0000	375.8547	)
(	-710.0000	-400.0000	375.8137	)
(	-710.0000	-390.0000	375.6747	)
(	-710.0000	-380.0000	375.5746	)
(	-710.0000	-370.0000	375.5428	)
(	-710.0000	-360.0000	375.0330	)
(	-710.0000	-350.0000	373.7016	)
(	-710.0000	-340.0000	372.5788	)
(	-710.0000	-330.0000	371.7988	)
(	-710.0000	-320.0000	371.2930	)
(	-710.0000	-310.0000	371.2276	)
(	-710.0000	-300.0000	371.2252	)
(	-710.0000	-290.0000	371.2472	)
(	-710.0000	-280.0000	371.3261	)
(	-710.0000	-270.0000	371.3774	)
(	-710.0000	-260.0000	372.2104	)
(	-710.0000	-250.0000	374.4475	)
(	-710.0000	-240.0000	375.8627	)
(	-710.0000	-230.0000	376.0211	)
(	-710.0000	-220.0000	376.1421	)
(	-710.0000	-210.0000	376.2083	)
(	-710.0000	-200.0000	376.2381	)
(	-710.0000	-190.0000	376.1949	)
(	-710.0000	-180.0000	376.1870	)
(	-710.0000	-170.0000	376.2512	)
(	-710.0000	-160.0000	376.2953	)
(	-710.0000	-130.0000	376.4423	)
(	-710.0000	-120.0000	376.4579	)
(	-710.0000	-110.0000	376.3442	)
(	-710.0000	-100.0000	376.2361	)
(	-710.0000	-80.0000	376.0634	)
(	-710.0000	-70.0000	376.0119	)
(	-710.0000	-60.0000	376.0085	)
(	-710.0000	-20.0000	375.8717	)
(	-710.0000	10.0000	375.6452	)
(	-710.0000	20.0000	375.7004	)
(	-710.0000	30.0000	375.9677	)
(	-710.0000	40.0000	376.2636	)
(	-710.0000	50.0000	376.6062	)
(	-710.0000	60.0000	376.8202	)
(	-710.0000	70.0000	376.8203	)
(	-710.0000	80.0000	376.7935	)
(	-710.0000	90.0000	376.7223	)
(	-710.0000	100.0000	376.6139	)
(	-710.0000	110.0000	376.4442	)
(	-710.0000	130.0000	374.4549	)
(	-710.0000	140.0000	373.2115	)
(	-710.0000	150.0000	372.1823	)
(	-710.0000	160.0000	371.5333	)
(	-710.0000	170.0000	371.4797	)
(	-710.0000	180.0000	371.4529	)
(	-710.0000	190.0000	371.4260	)
(	-700.0000	-500.0000	376.7984	)
(	-700.0000	-490.0000	376.6651	)
(	-700.0000	-480.0000	376.9243	)
(	-700.0000	-470.0000	377.8661	)
(	-700.0000	-460.0000	377.9689	)
(	-700.0000	-450.0000	376.6639	)
(	-700.0000	-420.0000	375.6766	)
(	-700.0000	-410.0000	375.7350	)
(	-700.0000	-400.0000	375.7171	)
(	-700.0000	-390.0000	375.5780	)
(	-700.0000	-380.0000	375.4762	)
(	-700.0000	-370.0000	375.4395	)
(	-700.0000	-360.0000	374.9359	)
(	-700.0000	-350.0000	373.6268	)
(	-700.0000	-340.0000	372.5284	)
(	-700.0000	-330.0000	371.7809	)
(	-700.0000	-320.0000	371.2903	)
(	-700.0000	-310.0000	371.2322	)
(	-700.0000	-300.0000	371.2216	)
(	-700.0000	-290.0000	371.2257	)
(	-700.0000	-280.0000	371.2835	)
(	-700.0000	-270.0000	371.3448	)
(	-700.0000	-260.0000	372.1970	)
(	-700.0000	-250.0000	374.4896	)
(	-700.0000	-240.0000	375.9198	)
(	-700.0000	-230.0000	376.0360	)
(	-700.0000	-220.0000	376.1139	)
(	-700.0000	-210.0000	376.1328	)
(	-700.0000	-200.0000	376.1445	)
(	-700.0000	-190.0000	376.1479	)
(	-700.0000	-180.0000	376.1513	)
(	-700.0000	-170.0000	376.1549	)
(	-700.0000	-160.0000	376.1561	)
(	-700.0000	-150.0000	376.1555	)
(	-700.0000	-130.0000	376.3416	)
(	-700.0000	-120.0000	376.3979	)
(	-700.0000	-110.0000	376.3205	)
(	-700.0000	-70.0000	375.9742	)
(	-700.0000	-60.0000	375.9765	)
(	-700.0000	-50.0000	376.0698	)
(	-700.0000	-40.0000	376.0916	)
(	-700.0000	-20.0000	375.9014	)
(	-700.0000	20.0000	375.7527	)
(	-700.0000	30.0000	376.0228	)
(	-700.0000	40.0000	376.3242	)
(	-700.0000	50.0000	376.6773	)
(	-700.0000	60.0000	376.8986	)
(	-700.0000	70.0000	376.9004	)
(	-700.0000	80.0000	376.8754	)
(	-700.0000	90.0000	376.8089	)
(	-700.0000	100.0000	376.7072	)
(	-700.0000	110.0000	376.5467	)
(	-700.0000	130.0000	374.5604	)
(	-700.0000	140.0000	373.3066	)
(	-700.0000	150.0000	372.2501	)
(	-700.0000	160.0000	371.5871	)
(	-700.0000	170.0000	371.5341	)
(	-700.0000	180.0000	371.5226	)
(	-700.0000	190.0000	371.4934	)
(	-690.0000	-500.0000	376.9417	)
(	-690.0000	-490.0000	376.8815	)
(	-690.0000	-480.0000	377.1541	)
(	-690.0000	-470.0000	378.0045	)
(	-690.0000	-460.0000	378.0098	)
(	-690.0000	-450.0000	376.5742	)
(	-690.0000	-440.0000	375.6675	)
(	-690.0000	-430.0000	375.5950	)
(	-690.0000	-420.0000	375.5836	)
(	-690.0000	-410.0000	375.6717	)
(	-690.0000	-400.0000	375.6430	)
(	-690.0000	-390.0000	375.4292	)
(	-690.0000	-380.0000	375.2449	)
(	-690.0000	-370.0000	375.1184	)
(	-690.0000	-360.0000	374.6182	)
(	-690.0000	-350.0000	373.4692	)
(	-690.0000	-340.0000	372.5063	)
(	-690.0000	-330.0000	371.8583	)
(	-690.0000	-320.0000	371.4048	)
(	-690.0000	-310.0000	371.2678	)
(	-690.0000	-300.0000	371.2285	)
(	-690.0000	-290.0000	371.3410	)
(	-690.0000	-280.0000	371.4204	)
(	-690.0000	-270.0000	371.5159	)
(	-690.0000	-260.0000	372.3264	)
(	-690.0000	-250.0000	374.4231	)
(	-690.0000	-240.0000	375.7593	)
(	-690.0000	-230.0000	375.9127	)
(	-690.0000	-220.0000	376.0335	)
(	-690.0000	-210.0000	376.1012	)
(	-690.0000	-200.0000	376.1475	)
(	-690.0000	-190.0000	376.1589	)
(	-690.0000	-180.0000	376.1698	)
(	-690.0000	-170.0000	376.1817	)
(	-690.0000	-160.0000	376.1868	)
(	-690.0000	-150.0000	376.1835	)
(	-690.0000	-140.0000	376.2311	)
(	-690.0000	-130.0000	376.3618	)
(	-690.0000	-120.0000	376.4215	)
(	-690.0000	-110.0000	376.3624	)
(	-690.0000	-60.0000	375.9856	)
(	-690.0000	-50.0000	376.0628	)
(	-690.0000	-40.0000	376.0862	)
(	-690.0000	-30.0000	376.0179	)
(	-690.0000	-20.0000	375.9475	)
(	-690.0000	-10.0000	375.8724	)
(	-690.0000	0.0000	375.7865	)
(	-690.0000	130.0000	374.1896	)
(	-690.0000	140.0000	373.0363	)
(	-690.0000	150.0000	372.0094	)
(	-690.0000	160.0000	371.3844	)
(	-690.0000	170.0000	371.4010	)
(	-690.0000	180.0000	371.4010	)
(	-690.0000	190.0000	371.4562	)
(	-680.0000	-500.0000	377.1219	)
(	-680.0000	-490.0000	377.1187	)
(	-680.0000	-480.0000	377.3875	)
(	-680.0000	-470.0000	378.1346	)
(	-680.0000	-460.0000	378.0262	)
(	-680.0000	-440.0000	375.4570	)
(	-680.0000	-430.0000	375.4003	)
(	-680.0000	-400.0000	375.4677	)
(	-680.0000	-390.0000	375.1895	)
(	-680.0000	-380.0000	374.9390	)
(	-680.0000	-370.0000	374.7336	)
(	-680.0000	-360.0000	374.2542	)
(	-680.0000	-350.0000	373.2745	)
(	-680.0000	-340.0000	372.4621	)
(	-680.0000	-330.0000	371.9295	)
(	-680.0000	-320.0000	371.5208	)
(	-680.0000	-310.0000	371.3568	)
(	-680.0000	-300.0000	371.3089	)
(	-680.0000	-290.0000	371.4473	)
(	-680.0000	-280.0000	371.5853	)
(	-680.0000	-270.0000	371.7072	)
(	-680.0000	-260.0000	372.4679	)
(	-680.0000	-250.0000	374.3695	)
(	-680.0000	-240.0000	375.6110	)
(	-680.0000	-200.0000	376.1489	)
(	-680.0000	-190.0000	376.1642	)
(	-680.0000	-180.0000	376.1794	)
(	-680.0000	-170.0000	376.1945	)
(	-680.0000	-160.0000	376.2002	)
(	-680.0000	-150.0000	376.1911	)
(	-680.0000	-140.0000	376.2314	)
(	-680.0000	-130.0000	376.3528	)
(	-680.0000	-120.0000	376.4117	)
(	-680.0000	-40.0000	376.0234	)
(	-680.0000	-30.0000	375.9814	)
(	-680.0000	-20.0000	375.9294	)
(	-680.0000	-10.0000	375.8606	)
(	-680.0000	0.0000	375.7745	)
(	-680.0000	10.0000	375.6595	)
(	-680.0000	20.0000	375.6183	)
(	-680.0000	30.0000	375.7013	)
(	-680.0000	40.0000	375.8213	)
(	-680.0000	50.0000	376.0054	)
(	-680.0000	60.0000	376.0772	)
(	-680.0000	70.0000	375.9634	)
(	-680.0000	80.0000	375.8378	)
(	-680.0000	90.0000	375.6925	)
(	-680.0000	100.0000	375.5866	)
(	-680.0000	110.0000	375.5461	)
(	-680.0000	120.0000	375.1095	)
(	-680.0000	130.0000	373.9953	)
(	-680.0000	140.0000	372.9126	)
(	-680.0000	150.0000	371.8844	)
(	-680.0000	160.0000	371.2657	)
(	-680.0000	170.0000	371.2971	)
(	-680.0000	180.0000	371.3278	)
(	-680.0000	190.0000	371.3913	)
(	-670.0000	-500.0000	377.3525	)
(	-670.0000	-490.0000	377.3862	)
(	-670.0000	-480.0000	377.6340	)
(	-670.0000	-470.0000	378.2541	)
(	-670.0000	-460.0000	378.0122	)
(	-670.0000	-450.0000	376.2590	)
(	-670.0000	-430.0000	375.1100	)
(	-670.0000	-420.0000	375.1087	)
(	-670.0000	-390.0000	374.8233	)
(	-670.0000	-380.0000	374.5247	)
(	-670.0000	-370.0000	374.2628	)
(	-670.0000	-360.0000	373.8176	)
(	-670.0000	-350.0000	373.0653	)
(	-670.0000	-340.0000	372.3620	)
(	-670.0000	-330.0000	372.0154	)
(	-670.0000	-320.0000	371.6644	)
(	-670.0000	-310.0000	371.4413	)
(	-670.0000	-300.0000	371.3951	)
(	-670.0000	-290.0000	371.5997	)
(	-670.0000	-280.0000	371.7803	)
(	-670.0000	-270.0000	371.9255	)
(	-670.0000	-260.0000	372.6328	)
(	-670.0000	-250.0000	374.3376	)
(	-670.0000	-240.0000	375.4747	)
(	-670.0000	-230.0000	375.6948	)
(	-670.0000	-220.0000	375.8909	)
(	-670.0000	-190.0000	376.1625	)
(	-670.0000	-180.0000	376.1763	)
(	-670.0000	-170.0000	376.1895	)
(	-670.0000	-160.0000	376.1903	)
(	-670.0000	-150.0000	376.1698	)
(	-670.0000	-140.0000	376.1974	)
(	-670.0000	-130.0000	376.3041	)
(	-670.0000	-120.0000	376.3581	)
(	-670.0000	-40.0000	375.8818	)
(	-670.0000	-30.0000	375.8630	)
(	-670.0000	-20.0000	375.8259	)
(	-670.0000	-10.0000	375.7591	)
(	-670.0000	0.0000	375.6879	)
(	-670.0000	10.0000	375.6075	)
(	-670.0000	40.0000	375.7225	)
(	-670.0000	50.0000	375.8853	)
(	-670.0000	100.0000	375.5175	)
(	-670.0000	110.0000	375.4826	)
(	-670.0000	120.0000	375.0787	)
(	-670.0000	130.0000	374.0382	)
(	-670.0000	140.0000	372.9870	)
(	-670.0000	150.0000	371.9173	)
(	-670.0000	160.0000	371.2660	)
(	-670.0000	170.0000	371.2697	)
(	-670.0000	180.0000	371.2958	)
(	-670.0000	190.0000	371.3214	)
(	-660.0000	-480.0000	377.6980	)
(	-660.0000	-470.0000	378.1469	)
(	-660.0000	-460.0000	377.7183	)
(	-660.0000	-420.0000	374.3479	)
(	-660.0000	-410.0000	374.3901	)
(	-660.0000	-400.0000	374.3200	)
(	-660.0000	-390.0000	374.0596	)
(	-660.0000	-380.0000	373.8177	)
(	-660.0000	-370.0000	373.6018	)
(	-660.0000	-360.0000	373.2925	)
(	-660.0000	-350.0000	372.7185	)
(	-660.0000	-340.0000	372.5008	)
(	-660.0000	-330.0000	372.1980	)
(	-660.0000	-320.0000	372.1492	)
(	-660.0000	-310.0000	371.9661	)
(	-660.0000	-300.0000	371.9485	)
(	-660.0000	-290.0000	372.1634	)
(	-660.0000	-280.0000	372.3416	)
(	-660.0000	-270.0000	372.4618	)
(	-660.0000	-260.0000	373.0605	)
(	-660.0000	-250.0000	374.5254	)
(	-660.0000	-240.0000	375.5093	)
(	-660.0000	-230.0000	375.7144	)
(	-660.0000	-220.0000	375.9000	)
(	-660.0000	-210.0000	376.0493	)
(	-660.0000	-200.0000	376.1481	)
(	-660.0000	-190.0000	376.1614	)
(	-660.0000	-180.0000	376.1744	)
(	-660.0000	-170.0000	376.1873	)
(	-660.0000	-160.0000	376.1837	)
(	-660.0000	-130.0000	376.2607	)
(	-660.0000	-120.0000	376.3089	)
(	-660.0000	-40.0000	375.7712	)
(	-660.0000	-30.0000	375.7791	)
(	-660.0000	-20.0000	375.7607	)
(	-660.0000	-10.0000	375.6998	)
(	-660.0000	0.0000	375.6454	)
(	-660.0000	10.0000	375.5988	)
(	-660.0000	40.0000	375.6687	)
(	-660.0000	50.0000	375.8102	)
(	-660.0000	60.0000	375.8613	)
(	-660.0000	70.0000	375.7599	)
(	-660.0000	80.0000	375.6602	)
(	-660.0000	90.0000	375.5636	)
(	-660.0000	100.0000	375.4944	)
(	-660.0000	130.0000	374.1394	)
(	-660.0000	140.0000	373.1238	)
(	-660.0000	150.0000	372.0182	)
(	-660.0000	160.0000	371.3369	)
(	-660.0000	170.0000	371.3313	)
(	-660.0000	180.0000	371.3291	)
(	-660.0000	190.0000	371.3501	)
(	-650.0000	-480.0000	377.5119	)
(	-650.0000	-470.0000	377.7251	)
(	-650.0000	-460.0000	377.0491	)
(	-650.0000	-450.0000	374.7915	)
(	-650.0000	-440.0000	373.3390	)
(	-650.0000	-410.0000	372.8592	)
(	-650.0000	-400.0000	372.7915	)
(	-650.0000	-390.0000	372.7332	)
(	-650.0000	-380.0000	372.6836	)
(	-650.0000	-370.0000	372.6560	)
(	-650.0000	-360.0000	372.5449	)
(	-650.0000	-350.0000	372.6515	)
(	-650.0000	-340.0000	372.5471	)
(	-650.0000	-330.0000	372.9100	)
(	-650.0000	-320.0000	372.9946	)
(	-650.0000	-310.0000	373.0605	)
(	-650.0000	-300.0000	373.1526	)
(	-650.0000	-290.0000	373.3075	)
(	-650.0000	-280.0000	373.4138	)
(	-650.0000	-270.0000	373.4419	)
(	-650.0000	-260.0000	373.8783	)
(	-650.0000	-250.0000	375.0251	)
(	-650.0000	-240.0000	375.7872	)
(	-650.0000	-230.0000	375.9101	)
(	-650.0000	-220.0000	376.0159	)
(	-650.0000	-210.0000	376.0942	)
(	-650.0000	-200.0000	376.1484	)
(	-650.0000	-190.0000	376.1614	)
(	-650.0000	-180.0000	376.1751	)
(	-650.0000	-170.0000	376.1874	)
(	-650.0000	-160.0000	376.1801	)
(	-650.0000	-140.0000	376.1433	)
(	-650.0000	-130.0000	376.2235	)
(	-650.0000	-120.0000	376.2678	)
(	-650.0000	-50.0000	375.6839	)
(	-650.0000	-40.0000	375.7018	)
(	-650.0000	-30.0000	375.7400	)
(	-650.0000	-20.0000	375.7456	)
(	-650.0000	-10.0000	375.6949	)
(	-650.0000	0.0000	375.6601	)
(	-650.0000	10.0000	375.6497	)
(	-650.0000	20.0000	375.6407	)
(	-650.0000	50.0000	375.7941	)
(	-650.0000	60.0000	375.8342	)
(	-650.0000	70.0000	375.7393	)
(	-650.0000	80.0000	375.6538	)
(	-650.0000	90.0000	375.5813	)
(	-650.0000	100.0000	375.5321	)
(	-650.0000	130.0000	374.3185	)
(	-650.0000	140.0000	373.3444	)
(	-650.0000	150.0000	372.2079	)
(	-650.0000	160.0000	371.5040	)
(	-650.0000	170.0000	371.4847	)
(	-650.0000	180.0000	371.4801	)
(	-650.0000	190.0000	371.4803	)
(	-640.0000	-490.0000	377.5399	)
(	-640.0000	-470.0000	377.5366	)
(	-640.0000	-460.0000	376.6733	)
(	-640.0000	-450.0000	374.1709	)
(	-640.0000	-440.0000	372.5575	)
(	-640.0000	-430.0000	372.2627	)
(	-640.0000	-420.0000	372.0267	)
(	-640.0000	-410.0000	371.8853	)
(	-640.0000	-400.0000	371.8227	)
(	-640.0000	-390.0000	371.8927	)
(	-640.0000	-380.0000	371.9694	)
(	-640.0000	-370.0000	372.0593	)
(	-640.0000	-360.0000	372.2881	)
(	-640.0000	-350.0000	372.5009	)
(	-640.0000	-340.0000	372.9882	)
(	-640.0000	-330.0000	373.4378	)
(	-640.0000	-320.0000	373.8841	)
(	-640.0000	-310.0000	374.0914	)
(	-640.0000	-300.0000	374.2595	)
(	-640.0000	-290.0000	374.3646	)
(	-640.0000	-280.0000	374.4087	)
(	-640.0000	-270.0000	374.3562	)
(	-640.0000	-250.0000	375.4863	)
(	-640.0000	-240.0000	376.0309	)
(	-640.0000	-230.0000	376.0801	)
(	-640.0000	-220.0000	376.1175	)
(	-640.0000	-210.0000	376.1328	)
(	-640.0000	-200.0000	376.1482	)
(	-640.0000	-190.0000	376.1606	)
(	-640.0000	-180.0000	376.1728	)
(	-640.0000	-170.0000	376.1856	)
(	-640.0000	-150.0000	376.1209	)
(	-640.0000	-140.0000	376.1134	)
(	-640.0000	-130.0000	376.1804	)
(	-640.0000	-60.0000	375.6045	)
(	-640.0000	-50.0000	375.5939	)
(	-640.0000	-40.0000	375.6133	)
(	-640.0000	-30.0000	375.6815	)
(	-640.0000	-20.0000	375.7087	)
(	-640.0000	-10.0000	375.6678	)
(	-640.0000	10.0000	375.6821	)
(	-640.0000	20.0000	375.6872	)
(	-640.0000	30.0000	375.6540	)
(	-640.0000	70.0000	375.7249	)
(	-640.0000	80.0000	375.6554	)
(	-640.0000	90.0000	375.6133	)
(	-640.0000	100.0000	375.5811	)
(	-640.0000	130.0000	374.4653	)
(	-640.0000	140.0000	373.5185	)
(	-640.0000	150.0000	372.3362	)
(	-640.0000	160.0000	371.5952	)
(	-640.0000	170.0000	371.5618	)
(	-640.0000	180.0000	371.5114	)
(	-640.0000	190.0000	371.5075	)
(	-630.0000	-490.0000	377.7828	)
(	-630.0000	-450.0000	374.0028	)
(	-630.0000	-440.0000	372.2939	)
(	-630.0000	-430.0000	372.0037	)
(	-630.0000	-420.0000	371.7727	)
(	-630.0000	-410.0000	371.6336	)
(	-630.0000	-400.0000	371.5883	)
(	-630.0000	-390.0000	371.6998	)
(	-630.0000	-380.0000	371.8128	)
(	-630.0000	-370.0000	371.9371	)
(	-630.0000	-360.0000	372.1790	)
(	-630.0000	-350.0000	372.8727	)
(	-630.0000	-340.0000	373.4309	)
(	-630.0000	-330.0000	374.2271	)
(	-630.0000	-320.0000	374.7881	)
(	-630.0000	-310.0000	375.0476	)
(	-630.0000	-300.0000	375.2359	)
(	-630.0000	-290.0000	375.3045	)
(	-630.0000	-280.0000	375.3022	)
(	-630.0000	-270.0000	375.1794	)
(	-630.0000	-230.0000	376.2171	)
(	-630.0000	-220.0000	376.1973	)
(	-630.0000	-210.0000	376.1632	)
(	-630.0000	-200.0000	376.1474	)
(	-630.0000	-190.0000	376.1578	)
(	-630.0000	-180.0000	376.1688	)
(	-630.0000	-150.0000	376.0971	)
(	-630.0000	-140.0000	376.0763	)
(	-630.0000	-130.0000	376.1281	)
(	-630.0000	-70.0000	375.5677	)
(	-630.0000	-60.0000	375.5096	)
(	-630.0000	-50.0000	375.4820	)
(	-630.0000	-20.0000	375.6444	)
(	-630.0000	30.0000	375.6614	)
(	-630.0000	40.0000	375.6617	)
(	-630.0000	50.0000	375.7542	)
(	-630.0000	80.0000	375.6711	)
(	-630.0000	90.0000	375.6612	)
(	-630.0000	100.0000	375.6448	)
(	-630.0000	110.0000	375.6175	)
(	-630.0000	130.0000	374.5686	)
(	-630.0000	140.0000	373.6307	)
(	-630.0000	150.0000	372.3840	)
(	-630.0000	160.0000	371.5860	)
(	-630.0000	170.0000	371.4922	)
(	-630.0000	180.0000	371.4320	)
(	-630.0000	190.0000	371.3485	)
(	-620.0000	-500.0000	377.8271	)
(	-620.0000	-490.0000	377.8697	)
(	-620.0000	-460.0000	376.5851	)
(	-620.0000	-450.0000	373.7831	)
(	-620.0000	-440.0000	372.0108	)
(	-620.0000	-430.0000	371.7518	)
(	-620.0000	-420.0000	371.5532	)
(	-620.0000	-410.0000	371.4442	)
(	-620.0000	-400.0000	371.4144	)
(	-620.0000	-390.0000	371.5348	)
(	-620.0000	-380.0000	371.6189	)
(	-620.0000	-370.0000	371.7499	)
(	-620.0000	-360.0000	372.1447	)
(	-620.0000	-350.0000	372.9382	)
(	-620.0000	-340.0000	373.8035	)
(	-620.0000	-330.0000	374.7369	)
(	-620.0000	-320.0000	375.4149	)
(	-620.0000	-310.0000	375.6846	)
(	-620.0000	-300.0000	375.8804	)
(	-620.0000	-290.0000	375.9481	)
(	-620.0000	-280.0000	375.9318	)
(	-620.0000	-270.0000	375.7747	)
(	-620.0000	-260.0000	375.7938	)
(	-620.0000	-230.0000	376.2627	)
(	-620.0000	-220.0000	376.2243	)
(	-620.0000	-210.0000	376.1753	)
(	-620.0000	-200.0000	376.1459	)
(	-620.0000	-190.0000	376.1536	)
(	-620.0000	-180.0000	376.1612	)
(	-620.0000	-160.0000	376.1437	)
(	-620.0000	-150.0000	376.0663	)
(	-620.0000	-140.0000	376.0311	)
(	-620.0000	-130.0000	376.0666	)
(	-620.0000	-80.0000	375.5627	)
(	-620.0000	-70.0000	375.4901	)
(	-620.0000	-60.0000	375.4291	)
(	-620.0000	-20.0000	375.6201	)
(	-620.0000	10.0000	375.7205	)
(	-620.0000	40.0000	375.6114	)
(	-620.0000	50.0000	375.6708	)
(	-620.0000	60.0000	375.6812	)
(	-620.0000	100.0000	375.5607	)
(	-620.0000	110.0000	375.5381	)
(	-620.0000	130.0000	374.5939	)
(	-620.0000	140.0000	373.6873	)
(	-620.0000	150.0000	372.4000	)
(	-620.0000	160.0000	371.5721	)
(	-620.0000	170.0000	371.4604	)
(	-620.0000	180.0000	371.3658	)
(	-620.0000	190.0000	371.2741	)
(	-610.0000	-490.0000	377.7472	)
(	-610.0000	-480.0000	377.7662	)
(	-610.0000	-460.0000	376.4032	)
(	-610.0000	-450.0000	373.4991	)
(	-610.0000	-440.0000	371.7005	)
(	-610.0000	-430.0000	371.5092	)
(	-610.0000	-420.0000	371.3770	)
(	-610.0000	-410.0000	371.3337	)
(	-610.0000	-400.0000	371.3343	)
(	-610.0000	-390.0000	371.3670	)
(	-610.0000	-380.0000	371.4370	)
(	-610.0000	-370.0000	371.4595	)
(	-610.0000	-360.0000	371.8556	)
(	-610.0000	-350.0000	372.8599	)
(	-610.0000	-340.0000	373.8817	)
(	-610.0000	-330.0000	374.9374	)
(	-610.0000	-320.0000	375.6738	)
(	-610.0000	-310.0000	375.8969	)
(	-610.0000	-300.0000	376.0804	)
(	-610.0000	-280.0000	376.2093	)
(	-610.0000	-270.0000	376.0641	)
(	-610.0000	-260.0000	376.0115	)
(	-610.0000	-250.0000	376.1298	)
(	-610.0000	-240.0000	376.1991	)
(	-610.0000	-230.0000	376.1868	)
(	-610.0000	-220.0000	376.1735	)
(	-610.0000	-210.0000	376.1554	)
(	-610.0000	-200.0000	376.1438	)
(	-610.0000	-190.0000	376.1471	)
(	-610.0000	-160.0000	376.1186	)
(	-610.0000	-150.0000	376.0262	)
(	-610.0000	-140.0000	375.9752	)
(	-610.0000	-130.0000	375.9930	)
(	-610.0000	-80.0000	375.4849	)
(	-610.0000	-70.0000	375.4233	)
(	-610.0000	-20.0000	375.6494	)
(	-610.0000	10.0000	375.7797	)
(	-610.0000	20.0000	375.7755	)
(	-610.0000	60.0000	375.4664	)
(	-610.0000	70.0000	375.3604	)
(	-610.0000	80.0000	375.2894	)
(	-610.0000	130.0000	374.5119	)
(	-610.0000	140.0000	373.6687	)
(	-610.0000	150.0000	372.3711	)
(	-610.0000	160.0000	371.5367	)
(	-610.0000	170.0000	371.4430	)
(	-610.0000	180.0000	371.3508	)
(	-610.0000	190.0000	371.2750	)
(	-600.0000	-480.0000	377.4180	)
(	-600.0000	-470.0000	377.1599	)
(	-600.0000	-460.0000	376.0321	)
(	-600.0000	-450.0000	373.2337	)
(	-600.0000	-440.0000	371.5219	)
(	-600.0000	-430.0000	371.4043	)
(	-600.0000	-420.0000	371.3061	)
(	-600.0000	-410.0000	371.2988	)
(	-600.0000	-400.0000	371.3002	)
(	-600.0000	-390.0000	371.3245	)
(	-600.0000	-380.0000	371.3695	)
(	-600.0000	-370.0000	371.3867	)
(	-600.0000	-360.0000	371.7925	)
(	-600.0000	-350.0000	372.8740	)
(	-600.0000	-340.0000	373.9618	)
(	-600.0000	-330.0000	375.0580	)
(	-600.0000	-320.0000	375.8162	)
(	-600.0000	-310.0000	376.0175	)
(	-600.0000	-300.0000	376.1938	)
(	-600.0000	-280.0000	376.3671	)
(	-600.0000	-270.0000	376.2457	)
(	-600.0000	-260.0000	376.1700	)
(	-600.0000	-250.0000	376.1745	)
(	-600.0000	-220.0000	376.2007	)
(	-600.0000	-210.0000	376.1625	)
(	-600.0000	-200.0000	376.1445	)
(	-600.0000	-190.0000	376.1474	)
(	-600.0000	-170.0000	376.1249	)
(	-600.0000	-160.0000	376.0718	)
(	-600.0000	-150.0000	375.9602	)
(	-600.0000	-140.0000	375.8833	)
(	-600.0000	-90.0000	375.5262	)
(	-600.0000	-80.0000	375.3601	)
(	-600.0000	-20.0000	375.6335	)
(	-600.0000	30.0000	375.5528	)
(	-600.0000	70.0000	375.2031	)
(	-600.0000	80.0000	375.1184	)
(	-600.0000	90.0000	375.0944	)
(	-600.0000	120.0000	374.9510	)
(	-600.0000	130.0000	374.4603	)
(	-600.0000	140.0000	373.6841	)
(	-600.0000	150.0000	372.4171	)
(	-600.0000	160.0000	371.5638	)
(	-600.0000	170.0000	371.4686	)
(	-600.0000	180.0000	371.3497	)
(	-600.0000	190.0000	371.2762	)
(	-590.0000	-490.0000	376.7323	)
(	-590.0000	-480.0000	376.6945	)
(	-590.0000	-470.0000	376.4143	)
(	-590.0000	-460.0000	375.3982	)
(	-590.0000	-450.0000	372.9810	)
(	-590.0000	-440.0000	371.5203	)
(	-590.0000	-430.0000	371.4985	)
(	-590.0000	-420.0000	371.4327	)
(	-590.0000	-410.0000	371.3282	)
(	-590.0000	-400.0000	371.3166	)
(	-590.0000	-390.0000	371.4260	)
(	-590.0000	-380.0000	371.5143	)
(	-590.0000	-370.0000	371.5849	)
(	-590.0000	-360.0000	372.0037	)
(	-590.0000	-350.0000	373.0268	)
(	-590.0000	-340.0000	374.0516	)
(	-590.0000	-330.0000	375.0792	)
(	-590.0000	-320.0000	375.7989	)
(	-590.0000	-310.0000	376.0103	)
(	-590.0000	-290.0000	376.3137	)
(	-590.0000	-280.0000	376.3614	)
(	-590.0000	-270.0000	376.2795	)
(	-590.0000	-260.0000	376.2326	)
(	-590.0000	-220.0000	376.3349	)
(	-590.0000	-210.0000	376.2159	)
(	-590.0000	-200.0000	376.1468	)
(	-590.0000	-170.0000	376.0822	)
(	-590.0000	-160.0000	375.9952	)
(	-590.0000	-150.0000	375.8596	)
(	-590.0000	-140.0000	375.7449	)
(	-590.0000	-100.0000	375.4833	)
(	-590.0000	-90.0000	375.2957	)
(	-590.0000	-80.0000	375.1714	)
(	-590.0000	-20.0000	375.5580	)
(	-590.0000	30.0000	375.4703	)
(	-590.0000	40.0000	375.3537	)
(	-590.0000	50.0000	375.3352	)
(	-590.0000	60.0000	375.2809	)
(	-590.0000	70.0000	375.1676	)
(	-590.0000	80.0000	375.0843	)
(	-590.0000	90.0000	375.0524	)
(	-590.0000	100.0000	375.0356	)
(	-590.0000	120.0000	374.8878	)
(	-590.0000	130.0000	374.4513	)
(	-590.0000	140.0000	373.7407	)
(	-590.0000	150.0000	372.5582	)
(	-590.0000	160.0000	371.7546	)
(	-590.0000	170.0000	371.4879	)
(	-590.0000	180.0000	371.3468	)
(	-590.0000	190.0000	371.2978	)
(	-580.0000	-500.0000	376.4706	)
(	-580.0000	-490.0000	376.4436	)
(	-580.0000	-480.0000	376.3031	)
(	-580.0000	-470.0000	375.9550	)
(	-580.0000	-460.0000	375.0064	)
(	-580.0000	-450.0000	372.9272	)
(	-580.0000	-440.0000	371.6594	)
(	-580.0000	-430.0000	371.6675	)
(	-580.0000	-420.0000	371.5524	)
(	-580.0000	-410.0000	371.4325	)
(	-580.0000	-400.0000	371.3437	)
(	-580.0000	-390.0000	371.4810	)
(	-580.0000	-380.0000	371.6078	)
(	-580.0000	-370.0000	371.7164	)
(	-580.0000	-360.0000	372.1325	)
(	-580.0000	-350.0000	373.0798	)
(	-580.0000	-340.0000	374.0263	)
(	-580.0000	-330.0000	374.9687	)
(	-580.0000	-320.0000	375.6353	)
(	-580.0000	-310.0000	375.8420	)
(	-580.0000	-280.0000	376.2243	)
(	-580.0000	-270.0000	376.1993	)
(	-580.0000	-260.0000	376.1990	)
(	-580.0000	-230.0000	376.4362	)
(	-580.0000	-220.0000	376.4426	)
(	-580.0000	-210.0000	376.2581	)
(	-580.0000	-200.0000	376.1540	)
(	-580.0000	-180.0000	376.1679	)
(	-580.0000	-170.0000	376.0815	)
(	-580.0000	-160.0000	375.9725	)
(	-580.0000	-150.0000	375.8249	)
(	-580.0000	-140.0000	375.6837	)
(	-580.0000	-110.0000	375.4048	)
(	-580.0000	-100.0000	375.3194	)
(	-580.0000	-90.0000	375.1728	)
(	-580.0000	-20.0000	375.5203	)
(	-580.0000	-10.0000	375.5565	)
(	-580.0000	0.0000	375.5891	)
(	-580.0000	10.0000	375.6158	)
(	-580.0000	20.0000	375.5778	)
(	-580.0000	30.0000	375.4308	)
(	-580.0000	40.0000	375.3390	)
(	-580.0000	50.0000	375.3374	)
(	-580.0000	100.0000	375.0620	)
(	-580.0000	110.0000	375.0417	)
(	-580.0000	120.0000	374.8833	)
(	-580.0000	130.0000	374.4890	)
(	-580.0000	140.0000	373.8302	)
(	-580.0000	150.0000	372.7217	)
(	-580.0000	160.0000	371.8776	)
(	-580.0000	170.0000	371.5880	)
(	-580.0000	180.0000	371.3370	)
(	-580.0000	190.0000	371.2899	)
(	-570.0000	-500.0000	376.9054	)
(	-570.0000	-490.0000	376.6915	)
(	-570.0000	-480.0000	376.3820	)
(	-570.0000	-470.0000	375.9030	)
(	-570.0000	-460.0000	374.9637	)
(	-570.0000	-450.0000	373.1938	)
(	-570.0000	-440.0000	372.0295	)
(	-570.0000	-430.0000	371.9875	)
(	-570.0000	-420.0000	371.8665	)
(	-570.0000	-410.0000	371.4880	)
(	-570.0000	-400.0000	371.3355	)
(	-570.0000	-390.0000	371.4894	)
(	-570.0000	-380.0000	371.6334	)
(	-570.0000	-370.0000	371.7575	)
(	-570.0000	-360.0000	372.1465	)
(	-570.0000	-350.0000	373.0017	)
(	-570.0000	-340.0000	373.8511	)
(	-570.0000	-330.0000	374.6868	)
(	-570.0000	-320.0000	375.2733	)
(	-570.0000	-310.0000	375.4533	)
(	-570.0000	-300.0000	375.6268	)
(	-570.0000	-230.0000	376.4709	)
(	-570.0000	-220.0000	376.5129	)
(	-570.0000	-210.0000	376.2852	)
(	-570.0000	-200.0000	376.1682	)
(	-570.0000	-180.0000	376.2350	)
(	-570.0000	-170.0000	376.1368	)
(	-570.0000	-160.0000	376.0225	)
(	-570.0000	-150.0000	375.8787	)
(	-570.0000	-120.0000	375.4447	)
(	-570.0000	-110.0000	375.3914	)
(	-570.0000	-100.0000	375.3146	)
(	-570.0000	-20.0000	375.5352	)
(	-570.0000	20.0000	375.5613	)
(	-570.0000	30.0000	375.4498	)
(	-570.0000	60.0000	375.4020	)
(	-570.0000	70.0000	375.3260	)
(	-570.0000	80.0000	375.2680	)
(	-570.0000	100.0000	375.1983	)
(	-570.0000	110.0000	375.1319	)
(	-570.0000	120.0000	374.9568	)
(	-570.0000	130.0000	374.5889	)
(	-570.0000	140.0000	373.9691	)
(	-570.0000	150.0000	372.9167	)
(	-570.0000	160.0000	372.1077	)
(	-570.0000	170.0000	371.5984	)
(	-570.0000	180.0000	371.3184	)
(	-570.0000	190.0000	371.2481	)
(	-560.0000	-500.0000	376.1242	)
(	-560.0000	-490.0000	375.8842	)
(	-560.0000	-480.0000	375.5698	)
(	-560.0000	-470.0000	375.1294	)
(	-560.0000	-460.0000	374.4852	)
(	-560.0000	-450.0000	372.8561	)
(	-560.0000	-440.0000	372.2502	)
(	-560.0000	-430.0000	372.2100	)
(	-560.0000	-420.0000	372.2567	)
(	-560.0000	-410.0000	371.8663	)
(	-560.0000	-400.0000	371.6988	)
(	-560.0000	-390.0000	371.8529	)
(	-560.0000	-380.0000	371.9940	)
(	-560.0000	-370.0000	372.1138	)
(	-560.0000	-360.0000	372.4595	)
(	-560.0000	-350.0000	373.2034	)
(	-560.0000	-320.0000	375.1316	)
(	-560.0000	-310.0000	375.2630	)
(	-560.0000	-300.0000	375.4168	)
(	-560.0000	-290.0000	375.6028	)
(	-560.0000	-280.0000	375.7668	)
(	-560.0000	-240.0000	376.3627	)
(	-560.0000	-230.0000	376.6435	)
(	-560.0000	-220.0000	376.7156	)
(	-560.0000	-210.0000	376.4392	)
(	-560.0000	-200.0000	376.3004	)
(	-560.0000	-190.0000	376.3857	)
(	-560.0000	-180.0000	376.3922	)
(	-560.0000	-170.0000	376.2680	)
(	-560.0000	-160.0000	376.1334	)
(	-560.0000	-150.0000	375.9804	)
(	-560.0000	-130.0000	375.5974	)
(	-560.0000	-120.0000	375.4403	)
(	-560.0000	-110.0000	375.3698	)
(	-560.0000	-100.0000	375.2944	)
(	-560.0000	-20.0000	375.5607	)
(	-560.0000	10.0000	375.5741	)
(	-560.0000	60.0000	375.4510	)
(	-560.0000	100.0000	375.2442	)
(	-560.0000	110.0000	375.1454	)
(	-560.0000	120.0000	374.9611	)
(	-560.0000	130.0000	374.6320	)
(	-560.0000	140.0000	374.0612	)
(	-560.0000	150.0000	373.0768	)
(	-560.0000	160.0000	372.2410	)
(	-560.0000	170.0000	371.6852	)
(	-560.0000	180.0000	371.2907	)
(	-560.0000	190.0000	371.2182	)
(	-550.0000	-500.0000	373.5144	)
(	-550.0000	-490.0000	373.4987	)
(	-550.0000	-480.0000	373.4343	)
(	-550.0000	-470.0000	373.3202	)
(	-550.0000	-460.0000	372.8080	)
(	-550.0000	-450.0000	372.3615	)
(	-550.0000	-440.0000	371.9183	)
(	-550.0000	-430.0000	372.5522	)
(	-550.0000	-420.0000	372.6870	)
(	-550.0000	-410.0000	372.6263	)
(	-550.0000	-400.0000	372.5969	)
(	-550.0000	-390.0000	372.7186	)
(	-550.0000	-380.0000	372.8279	)
(	-550.0000	-370.0000	372.9148	)
(	-550.0000	-360.0000	373.1900	)
(	-550.0000	-320.0000	375.2842	)
(	-550.0000	-310.0000	375.3418	)
(	-550.0000	-300.0000	375.4532	)
(	-550.0000	-290.0000	375.6551	)
(	-550.0000	-280.0000	375.8543	)
(	-550.0000	-250.0000	376.4156	)
(	-550.0000	-240.0000	376.6590	)
(	-550.0000	-230.0000	377.0085	)
(	-550.0000	-220.0000	377.1027	)
(	-550.0000	-210.0000	376.7698	)
(	-550.0000	-200.0000	376.5968	)
(	-550.0000	-190.0000	376.6837	)
(	-550.0000	-180.0000	376.6749	)
(	-550.0000	-170.0000	376.5059	)
(	-550.0000	-160.0000	376.3316	)
(	-550.0000	-150.0000	376.1496	)
(	-550.0000	-130.0000	375.6566	)
(	-550.0000	-120.0000	375.4438	)
(	-550.0000	-110.0000	375.3382	)
(	-550.0000	-100.0000	375.2534	)
(	-550.0000	-90.0000	375.2036	)
(	-550.0000	-80.0000	375.1821	)
(	-550.0000	-70.0000	375.2088	)
(	-550.0000	-20.0000	375.6003	)
(	-550.0000	10.0000	375.5543	)
(	-550.0000	30.0000	375.4179	)
(	-550.0000	40.0000	375.3862	)
(	-550.0000	50.0000	375.4268	)
(	-550.0000	80.0000	375.2995	)
(	-550.0000	90.0000	375.2472	)
(	-550.0000	100.0000	375.1690	)
(	-550.0000	110.0000	375.0508	)
(	-550.0000	120.0000	374.8734	)
(	-550.0000	130.0000	374.5956	)
(	-550.0000	140.0000	374.0883	)
(	-550.0000	150.0000	373.1861	)
(	-550.0000	160.0000	372.3640	)
(	-550.0000	170.0000	371.6691	)
(	-550.0000	180.0000	371.2517	)
(	-550.0000	190.0000	371.2003	)
(	-540.0000	-500.0000	371.9514	)
(	-540.0000	-490.0000	372.0714	)
(	-540.0000	-480.0000	372.1793	)
(	-540.0000	-470.0000	372.1732	)
(	-540.0000	-460.0000	372.2770	)
(	-540.0000	-450.0000	372.0005	)
(	-540.0000	-440.0000	372.3727	)
(	-540.0000	-430.0000	373.0828	)
(	-540.0000	-420.0000	373.6292	)
(	-540.0000	-410.0000	373.6884	)
(	-540.0000	-400.0000	373.7484	)
(	-540.0000	-390.0000	373.8100	)
(	-540.0000	-380.0000	373.8595	)
(	-540.0000	-370.0000	373.8867	)
(	-540.0000	-330.0000	375.2560	)
(	-540.0000	-310.0000	375.4229	)
(	-540.0000	-300.0000	375.4718	)
(	-540.0000	-290.0000	375.6799	)
(	-540.0000	-280.0000	375.9043	)
(	-540.0000	-260.0000	376.3872	)
(	-540.0000	-250.0000	376.5950	)
(	-540.0000	-240.0000	376.8766	)
(	-540.0000	-220.0000	377.3952	)
(	-540.0000	-210.0000	376.9953	)
(	-540.0000	-200.0000	376.7889	)
(	-540.0000	-190.0000	376.8959	)
(	-540.0000	-160.0000	376.5029	)
(	-540.0000	-150.0000	376.3109	)
(	-540.0000	-140.0000	376.0702	)
(	-540.0000	-130.0000	375.7483	)
(	-540.0000	-120.0000	375.5017	)
(	-540.0000	-110.0000	375.3787	)
(	-540.0000	-100.0000	375.2907	)
(	-540.0000	-90.0000	375.2627	)
(	-540.0000	-80.0000	375.2538	)
(	-540.0000	-70.0000	375.2770	)
(	-540.0000	-60.0000	375.3079	)
(	-540.0000	-50.0000	375.3516	)
(	-540.0000	-40.0000	375.4208	)
(	-540.0000	-30.0000	375.5311	)
(	-540.0000	-20.0000	375.5983	)
(	-540.0000	10.0000	375.4969	)
(	-540.0000	20.0000	375.4345	)
(	-540.0000	30.0000	375.3891	)
(	-540.0000	40.0000	375.3828	)
(	-540.0000	50.0000	375.4439	)
(	-540.0000	60.0000	375.4632	)
(	-540.0000	70.0000	375.4135	)
(	-540.0000	80.0000	375.3624	)
(	-540.0000	90.0000	375.3102	)
(	-540.0000	100.0000	375.2202	)
(	-540.0000	130.0000	374.6468	)
(	-540.0000	140.0000	374.1894	)
(	-540.0000	150.0000	373.3570	)
(	-540.0000	160.0000	372.5350	)
(	-540.0000	170.0000	371.7723	)
(	-540.0000	180.0000	371.2392	)
(	-540.0000	190.0000	371.1894	)
(	-530.0000	-500.0000	371.6557	)
(	-530.0000	-490.0000	371.8206	)
(	-530.0000	-480.0000	371.9566	)
(	-530.0000	-470.0000	372.1303	)
(	-530.0000	-460.0000	372.2634	)
(	-530.0000	-450.0000	372.7563	)
(	-530.0000	-440.0000	373.3825	)
(	-530.0000	-430.0000	374.3864	)
(	-530.0000	-420.0000	375.0534	)
(	-530.0000	-410.0000	375.1872	)
(	-530.0000	-400.0000	375.2564	)
(	-530.0000	-390.0000	375.2180	)
(	-530.0000	-380.0000	375.1695	)
(	-530.0000	-370.0000	375.0974	)
(	-530.0000	-340.0000	375.5260	)
(	-530.0000	-320.0000	375.6968	)
(	-530.0000	-310.0000	375.5090	)
(	-530.0000	-290.0000	375.6673	)
(	-530.0000	-280.0000	375.9025	)
(	-530.0000	-270.0000	376.1942	)
(	-530.0000	-260.0000	376.4597	)
(	-530.0000	-250.0000	376.6800	)
(	-530.0000	-200.0000	376.8294	)
(	-530.0000	-170.0000	376.8208	)
(	-530.0000	-160.0000	376.6356	)
(	-530.0000	-150.0000	376.4622	)
(	-530.0000	-140.0000	376.2248	)
(	-530.0000	-130.0000	375.8843	)
(	-530.0000	-120.0000	375.6295	)
(	-530.0000	-110.0000	375.5174	)
(	-530.0000	-100.0000	375.4362	)
(	-530.0000	-90.0000	375.4084	)
(	-530.0000	-80.0000	375.3915	)
(	-530.0000	-70.0000	375.3914	)
(	-530.0000	-60.0000	375.3994	)
(	-530.0000	-50.0000	375.4207	)
(	-530.0000	-40.0000	375.4558	)
(	-530.0000	-30.0000	375.5182	)
(	-530.0000	-20.0000	375.5402	)
(	-530.0000	-10.0000	375.4999	)
(	-530.0000	0.0000	375.4499	)
(	-530.0000	10.0000	375.3860	)
(	-530.0000	20.0000	375.3494	)
(	-530.0000	40.0000	375.4064	)
(	-530.0000	50.0000	375.5145	)
(	-530.0000	60.0000	375.5804	)
(	-530.0000	70.0000	375.5739	)
(	-530.0000	80.0000	375.5592	)
(	-530.0000	90.0000	375.5333	)
(	-530.0000	100.0000	375.4415	)
(	-530.0000	140.0000	374.3928	)
(	-530.0000	150.0000	373.6122	)
(	-530.0000	160.0000	372.7751	)
(	-530.0000	170.0000	371.8574	)
(	-530.0000	180.0000	371.2687	)
(	-530.0000	190.0000	371.1858	)
(	-520.0000	-500.0000	371.4808	)
(	-520.0000	-490.0000	371.6351	)
(	-520.0000	-480.0000	371.7341	)
(	-520.0000	-470.0000	371.9225	)
(	-520.0000	-460.0000	372.3120	)
(	-520.0000	-450.0000	373.1296	)
(	-520.0000	-440.0000	374.0593	)
(	-520.0000	-430.0000	375.1949	)
(	-520.0000	-420.0000	375.9438	)
(	-520.0000	-410.0000	376.0744	)
(	-520.0000	-400.0000	376.1347	)
(	-520.0000	-390.0000	376.0708	)
(	-520.0000	-380.0000	375.9910	)
(	-520.0000	-350.0000	375.9223	)
(	-520.0000	-310.0000	375.6053	)
(	-520.0000	-300.0000	375.4921	)
(	-520.0000	-280.0000	375.8056	)
(	-520.0000	-270.0000	376.0742	)
(	-520.0000	-260.0000	376.3112	)
(	-520.0000	-250.0000	376.4842	)
(	-520.0000	-240.0000	376.7558	)
(	-520.0000	-230.0000	377.1960	)
(	-520.0000	-200.0000	376.3290	)
(	-520.0000	-170.0000	376.5463	)
(	-520.0000	-160.0000	376.4213	)
(	-520.0000	-150.0000	376.3135	)
(	-520.0000	-140.0000	376.1258	)
(	-520.0000	-90.0000	375.4973	)
(	-520.0000	-80.0000	375.4841	)
(	-520.0000	-70.0000	375.4735	)
(	-520.0000	-60.0000	375.4713	)
(	-520.0000	-50.0000	375.4838	)
(	-520.0000	-40.0000	375.5003	)
(	-520.0000	-30.0000	375.5253	)
(	-520.0000	-20.0000	375.5158	)
(	-520.0000	50.0000	375.5111	)
(	-520.0000	60.0000	375.5982	)
(	-520.0000	70.0000	375.6120	)
(	-520.0000	80.0000	375.6120	)
(	-520.0000	90.0000	375.5892	)
(	-520.0000	100.0000	375.4883	)
(	-520.0000	110.0000	375.2570	)
(	-520.0000	140.0000	374.4953	)
(	-520.0000	150.0000	373.7860	)
(	-520.0000	160.0000	372.9518	)
(	-520.0000	170.0000	371.9217	)
(	-520.0000	180.0000	371.2653	)
(	-520.0000	190.0000	371.1797	)
(	-510.0000	-500.0000	371.4948	)
(	-510.0000	-490.0000	371.4296	)
(	-510.0000	-480.0000	371.4929	)
(	-510.0000	-470.0000	371.5537	)
(	-510.0000	-460.0000	372.0180	)
(	-510.0000	-450.0000	373.1314	)
(	-510.0000	-440.0000	374.2626	)
(	-510.0000	-430.0000	375.4207	)
(	-510.0000	-420.0000	376.1417	)
(	-510.0000	-410.0000	376.1573	)
(	-510.0000	-400.0000	376.1710	)
(	-510.0000	-390.0000	376.1732	)
(	-510.0000	-330.0000	376.0759	)
(	-510.0000	-320.0000	375.9515	)
(	-510.0000	-290.0000	375.5336	)
(	-510.0000	-280.0000	375.5787	)
(	-510.0000	-270.0000	375.7451	)
(	-510.0000	-260.0000	375.8619	)
(	-510.0000	-250.0000	375.9011	)
(	-510.0000	-240.0000	376.0482	)
(	-510.0000	-230.0000	376.3810	)
(	-510.0000	-220.0000	376.2793	)
(	-510.0000	-210.0000	375.4286	)
(	-510.0000	-170.0000	375.7121	)
(	-510.0000	-160.0000	375.7123	)
(	-510.0000	-150.0000	375.7372	)
(	-510.0000	-50.0000	375.5379	)
(	-510.0000	-40.0000	375.5529	)
(	-510.0000	-30.0000	375.5586	)
(	-510.0000	-20.0000	375.5343	)
(	-510.0000	10.0000	375.2336	)
(	-510.0000	20.0000	375.1697	)
(	-510.0000	30.0000	375.2136	)
(	-510.0000	40.0000	375.2876	)
(	-510.0000	50.0000	375.4096	)
(	-510.0000	140.0000	374.4597	)
(	-510.0000	150.0000	373.8462	)
(	-510.0000	160.0000	373.0391	)
(	-510.0000	170.0000	371.9236	)
(	-510.0000	180.0000	371.2123	)
(	-510.0000	190.0000	371.1712	)
(	-500.0000	-500.0000	371.4802	)
(	-500.0000	-490.0000	371.3893	)
(	-500.0000	-480.0000	371.3699	)
(	-500.0000	-470.0000	371.4041	)
(	-500.0000	-460.0000	371.8793	)
(	-500.0000	-450.0000	373.1292	)
(	-500.0000	-440.0000	374.3449	)
(	-500.0000	-430.0000	375.5037	)
(	-500.0000	-420.0000	376.2098	)
(	-500.0000	-410.0000	376.1701	)
(	-500.0000	-400.0000	376.1554	)
(	-500.0000	-320.0000	375.9706	)
(	-500.0000	-310.0000	375.7541	)
(	-500.0000	-300.0000	375.5801	)
(	-500.0000	-290.0000	375.4765	)
(	-500.0000	-280.0000	375.4527	)
(	-500.0000	-250.0000	375.5922	)
(	-500.0000	-240.0000	375.6653	)
(	-500.0000	-230.0000	375.9154	)
(	-500.0000	-220.0000	375.7415	)
(	-500.0000	-210.0000	374.8165	)
(	-500.0000	-180.0000	375.1606	)
(	-500.0000	-170.0000	375.1563	)
(	-500.0000	-160.0000	375.1793	)
(	-500.0000	-30.0000	375.5011	)
(	-500.0000	-20.0000	375.5119	)
(	-500.0000	90.0000	375.3061	)
(	-500.0000	100.0000	375.1745	)
(	-500.0000	110.0000	374.9392	)
(	-500.0000	120.0000	374.7590	)
(	-500.0000	130.0000	374.6709	)
(	-500.0000	140.0000	374.4110	)
(	-500.0000	150.0000	373.8540	)
(	-500.0000	160.0000	373.0974	)
(	-500.0000	170.0000	371.9917	)
(	-500.0000	180.0000	371.2442	)
(	-500.0000	190.0000	371.2034	)
(	-490.0000	-500.0000	371.4732	)
(	-490.0000	-490.0000	371.4574	)
(	-490.0000	-480.0000	371.4635	)
(	-490.0000	-470.0000	371.5248	)
(	-490.0000	-460.0000	371.9775	)
(	-490.0000	-450.0000	373.1235	)
(	-490.0000	-440.0000	374.2634	)
(	-490.0000	-430.0000	375.3943	)
(	-490.0000	-420.0000	376.0942	)
(	-490.0000	-410.0000	376.0818	)
(	-490.0000	-310.0000	375.6950	)
(	-490.0000	-300.0000	375.5398	)
(	-490.0000	-290.0000	375.4622	)
(	-490.0000	-250.0000	375.6561	)
(	-490.0000	-240.0000	375.7219	)
(	-490.0000	-230.0000	375.9128	)
(	-490.0000	-220.0000	375.7549	)
(	-490.0000	-180.0000	375.1094	)
(	-490.0000	-170.0000	374.9861	)
(	-490.0000	-20.0000	375.4255	)
(	-490.0000	20.0000	375.1814	)
(	-490.0000	30.0000	375.2359	)
(	-490.0000	40.0000	375.3012	)
(	-490.0000	50.0000	375.3834	)
(	-490.0000	60.0000	375.4228	)
(	-490.0000	70.0000	375.3900	)
(	-490.0000	80.0000	375.3420	)
(	-490.0000	100.0000	375.1409	)
(	-490.0000	110.0000	374.9220	)
(	-490.0000	120.0000	374.7379	)
(	-490.0000	130.0000	374.6185	)
(	-490.0000	140.0000	374.3430	)
(	-490.0000	150.0000	373.7975	)
(	-490.0000	160.0000	373.1003	)
(	-490.0000	170.0000	372.1362	)
(	-490.0000	180.0000	371.4517	)
(	-490.0000	190.0000	371.2267	)
(	-480.0000	-500.0000	371.4982	)
(	-480.0000	-490.0000	371.5090	)
(	-480.0000	-480.0000	371.5475	)
(	-480.0000	-470.0000	371.6258	)
(	-480.0000	-460.0000	372.0522	)
(	-480.0000	-450.0000	373.0860	)
(	-480.0000	-440.0000	374.1444	)
(	-480.0000	-430.0000	375.2409	)
(	-480.0000	-420.0000	375.9267	)
(	-480.0000	-320.0000	375.8557	)
(	-480.0000	-310.0000	375.6800	)
(	-480.0000	-300.0000	375.5496	)
(	-480.0000	-290.0000	375.4942	)
(	-480.0000	-240.0000	375.8100	)
(	-480.0000	-230.0000	375.9363	)
(	-480.0000	-220.0000	375.7959	)
(	-480.0000	-190.0000	375.0875	)
(	-480.0000	-180.0000	375.1300	)
(	-480.0000	-150.0000	374.6014	)
(	-480.0000	-140.0000	374.4417	)
(	-480.0000	-130.0000	374.2189	)
(	-480.0000	-120.0000	374.0294	)
(	-480.0000	-20.0000	375.3527	)
(	-480.0000	-10.0000	375.4433	)
(	-480.0000	0.0000	375.4417	)
(	-480.0000	10.0000	375.2868	)
(	-480.0000	20.0000	375.2165	)
(	-480.0000	30.0000	375.2859	)
(	-480.0000	40.0000	375.3540	)
(	-480.0000	50.0000	375.4204	)
(	-480.0000	60.0000	375.4453	)
(	-480.0000	100.0000	375.1579	)
(	-480.0000	110.0000	374.9494	)
(	-480.0000	120.0000	374.7592	)
(	-480.0000	130.0000	374.6034	)
(	-480.0000	140.0000	374.3062	)
(	-480.0000	150.0000	373.7661	)
(	-480.0000	160.0000	373.1234	)
(	-480.0000	170.0000	372.2961	)
(	-480.0000	180.0000	371.6496	)
(	-480.0000	190.0000	371.3491	)
(	-470.0000	-500.0000	371.4942	)
(	-470.0000	-490.0000	371.5515	)
(	-470.0000	-480.0000	371.6143	)
(	-470.0000	-470.0000	371.7009	)
(	-470.0000	-460.0000	372.0875	)
(	-470.0000	-450.0000	373.0052	)
(	-470.0000	-440.0000	373.9724	)
(	-470.0000	-430.0000	375.0280	)
(	-470.0000	-330.0000	375.9102	)
(	-470.0000	-320.0000	375.8595	)
(	-470.0000	-310.0000	375.7244	)
(	-470.0000	-300.0000	375.6260	)
(	-470.0000	-290.0000	375.5902	)
(	-470.0000	-280.0000	375.6212	)
(	-470.0000	-270.0000	375.7668	)
(	-470.0000	-260.0000	375.8687	)
(	-470.0000	-230.0000	375.9998	)
(	-470.0000	-220.0000	375.8719	)
(	-470.0000	-210.0000	375.4167	)
(	-470.0000	-200.0000	375.1727	)
(	-470.0000	-190.0000	375.2830	)
(	-470.0000	-180.0000	375.2456	)
(	-470.0000	-160.0000	374.7046	)
(	-470.0000	-150.0000	374.5294	)
(	-470.0000	-130.0000	374.1330	)
(	-470.0000	-20.0000	375.2966	)
(	-470.0000	-10.0000	375.4066	)
(	-470.0000	0.0000	375.4227	)
(	-470.0000	10.0000	375.2859	)
(	-470.0000	20.0000	375.2362	)
(	-470.0000	100.0000	375.2442	)
(	-470.0000	110.0000	375.0396	)
(	-470.0000	120.0000	374.8354	)
(	-470.0000	130.0000	374.6372	)
(	-470.0000	150.0000	373.7711	)
(	-470.0000	160.0000	373.1756	)
(	-470.0000	170.0000	372.4780	)
(	-470.0000	180.0000	371.8633	)
(	-470.0000	190.0000	371.3831	)
(	-460.0000	-500.0000	372.2226	)
(	-460.0000	-490.0000	372.2781	)
(	-460.0000	-480.0000	372.3355	)
(	-460.0000	-470.0000	372.4008	)
(	-460.0000	-460.0000	372.7190	)
(	-460.0000	-450.0000	373.4865	)
(	-460.0000	-440.0000	374.3362	)
(	-460.0000	-430.0000	375.3219	)
(	-460.0000	-330.0000	375.8986	)
(	-460.0000	-320.0000	375.8336	)
(	-460.0000	-290.0000	375.5671	)
(	-460.0000	-280.0000	375.6119	)
(	-460.0000	-270.0000	375.7633	)
(	-460.0000	-260.0000	375.8750	)
(	-460.0000	-250.0000	375.9178	)
(	-460.0000	-220.0000	375.8187	)
(	-460.0000	-210.0000	375.5149	)
(	-460.0000	-200.0000	375.3553	)
(	-460.0000	-190.0000	375.4371	)
(	-460.0000	-160.0000	374.8264	)
(	-460.0000	-150.0000	374.6609	)
(	-460.0000	-140.0000	374.5042	)
(	-460.0000	-60.0000	374.4403	)
(	-460.0000	-50.0000	374.6432	)
(	-460.0000	-20.0000	375.3353	)
(	-460.0000	-10.0000	375.4180	)
(	-460.0000	100.0000	375.2712	)
(	-460.0000	110.0000	375.0777	)
(	-460.0000	120.0000	374.8660	)
(	-460.0000	130.0000	374.6295	)
(	-460.0000	150.0000	373.7470	)
(	-460.0000	160.0000	373.2030	)
(	-460.0000	170.0000	372.6429	)
(	-460.0000	180.0000	372.0668	)
(	-460.0000	190.0000	371.5094	)
(	-450.0000	-500.0000	373.9705	)
(	-450.0000	-490.0000	373.9841	)
(	-450.0000	-480.0000	373.9906	)
(	-450.0000	-470.0000	373.9878	)
(	-450.0000	-460.0000	374.1928	)
(	-450.0000	-450.0000	374.7654	)
(	-450.0000	-440.0000	375.4515	)
(	-450.0000	-340.0000	376.0256	)
(	-450.0000	-330.0000	375.9232	)
(	-450.0000	-320.0000	375.7714	)
(	-450.0000	-310.0000	375.5359	)
(	-450.0000	-280.0000	375.4405	)
(	-450.0000	-270.0000	375.5966	)
(	-450.0000	-260.0000	375.7160	)
(	-450.0000	-250.0000	375.7721	)
(	-450.0000	-240.0000	375.7795	)
(	-450.0000	-220.0000	375.5963	)
(	-450.0000	-210.0000	375.4400	)
(	-450.0000	-200.0000	375.3922	)
(	-450.0000	-190.0000	375.5295	)
(	-450.0000	-170.0000	375.3039	)
(	-450.0000	-160.0000	375.1347	)
(	-450.0000	-150.0000	375.0602	)
(	-450.0000	-140.0000	375.0190	)
(	-450.0000	-60.0000	374.9144	)
(	-450.0000	-50.0000	375.0301	)
(	-450.0000	-20.0000	375.5062	)
(	-450.0000	-10.0000	375.4971	)
(	-450.0000	70.0000	375.4282	)
(	-450.0000	80.0000	375.3653	)
(	-450.0000	90.0000	375.3154	)
(	-450.0000	100.0000	375.2187	)
(	-450.0000	110.0000	375.0433	)
(	-450.0000	120.0000	374.8318	)
(	-450.0000	130.0000	374.5664	)
(	-450.0000	140.0000	374.2057	)
(	-450.0000	150.0000	373.6837	)
(	-450.0000	160.0000	373.2035	)
(	-450.0000	170.0000	372.7844	)
(	-450.0000	180.0000	372.2550	)
(	-450.0000	190.0000	371.5380	)
(	-440.0000	-500.0000	375.1903	)
(	-440.0000	-490.0000	375.1806	)
(	-440.0000	-480.0000	375.1557	)
(	-440.0000	-470.0000	375.1052	)
(	-440.0000	-460.0000	375.2160	)
(	-440.0000	-450.0000	375.6155	)
(	-440.0000	-350.0000	376.1576	)
(	-440.0000	-340.0000	376.0488	)
(	-440.0000	-330.0000	375.9007	)
(	-440.0000	-320.0000	375.7012	)
(	-440.0000	-270.0000	375.4770	)
(	-440.0000	-260.0000	375.6014	)
(	-440.0000	-250.0000	375.6673	)
(	-440.0000	-230.0000	375.5046	)
(	-440.0000	-220.0000	375.4069	)
(	-440.0000	-210.0000	375.3925	)
(	-440.0000	-200.0000	375.4435	)
(	-440.0000	-190.0000	375.6018	)
(	-440.0000	-180.0000	375.6313	)
(	-440.0000	-170.0000	375.4440	)
(	-440.0000	-160.0000	375.3206	)
(	-440.0000	-150.0000	375.3013	)
(	-440.0000	-140.0000	375.3451	)
(	-440.0000	-130.0000	375.4917	)
(	-440.0000	-120.0000	375.5373	)
(	-440.0000	-110.0000	375.4147	)
(	-440.0000	-100.0000	375.3226	)
(	-440.0000	-50.0000	375.2603	)
(	-440.0000	-20.0000	375.6082	)
(	-440.0000	-10.0000	375.5401	)
(	-440.0000	0.0000	375.4540	)
(	-440.0000	40.0000	375.5479	)
(	-440.0000	50.0000	375.5607	)
(	-440.0000	60.0000	375.5399	)
(	-440.0000	70.0000	375.4628	)
(	-440.0000	80.0000	375.3995	)
(	-440.0000	90.0000	375.3598	)
(	-440.0000	100.0000	375.2708	)
(	-440.0000	110.0000	375.1019	)
(	-440.0000	120.0000	374.8801	)
(	-440.0000	130.0000	374.5749	)
(	-440.0000	140.0000	374.1908	)
(	-440.0000	150.0000	373.6710	)
(	-440.0000	160.0000	373.2405	)
(	-440.0000	170.0000	372.9542	)
(	-440.0000	180.0000	372.4622	)
(	-440.0000	190.0000	371.6666	)
(	-430.0000	-500.0000	375.7222	)
(	-430.0000	-490.0000	375.7125	)
(	-430.0000	-480.0000	375.6777	)
(	-430.0000	-470.0000	375.6018	)
(	-430.0000	-460.0000	375.6446	)
(	-430.0000	-360.0000	376.1381	)
(	-430.0000	-350.0000	376.0558	)
(	-430.0000	-340.0000	375.9519	)
(	-430.0000	-330.0000	375.8114	)
(	-430.0000	-260.0000	375.5459	)
(	-430.0000	-230.0000	375.3516	)
(	-430.0000	-220.0000	375.2580	)
(	-430.0000	-190.0000	375.6475	)
(	-430.0000	-180.0000	375.6589	)
(	-430.0000	-170.0000	375.4667	)
(	-430.0000	-160.0000	375.3442	)
(	-430.0000	-150.0000	375.3367	)
(	-430.0000	-140.0000	375.4164	)
(	-430.0000	-110.0000	375.5978	)
(	-430.0000	-100.0000	375.4861	)
(	-430.0000	-90.0000	375.4110	)
(	-430.0000	-80.0000	375.3390	)
(	-430.0000	-70.0000	375.2702	)
(	-430.0000	-60.0000	375.2416	)
(	-430.0000	-50.0000	375.2812	)
(	-430.0000	-40.0000	375.3711	)
(	-430.0000	-20.0000	375.6160	)
(	-430.0000	-10.0000	375.5264	)
(	-430.0000	0.0000	375.4374	)
(	-430.0000	10.0000	375.3470	)
(	-430.0000	20.0000	375.3583	)
(	-430.0000	30.0000	375.5376	)
(	-430.0000	40.0000	375.6564	)
(	-430.0000	50.0000	375.6766	)
(	-430.0000	60.0000	375.6641	)
(	-430.0000	70.0000	375.5987	)
(	-430.0000	80.0000	375.5526	)
(	-430.0000	90.0000	375.5393	)
(	-430.0000	120.0000	375.0444	)
(	-430.0000	130.0000	374.6841	)
(	-430.0000	150.0000	373.7281	)
(	-430.0000	160.0000	373.3316	)
(	-430.0000	170.0000	373.1656	)
(	-430.0000	180.0000	372.6958	)
(	-430.0000	190.0000	371.7327	)
(	-420.0000	-500.0000	376.1645	)
(	-420.0000	-490.0000	376.1533	)
(	-420.0000	-480.0000	376.1068	)
(	-420.0000	-470.0000	376.0039	)
(	-420.0000	-440.0000	376.3488	)
(	-420.0000	-370.0000	376.0898	)
(	-420.0000	-360.0000	376.0058	)
(	-420.0000	-350.0000	375.9450	)
(	-420.0000	-240.0000	375.4998	)
(	-420.0000	-230.0000	375.1851	)
(	-420.0000	-200.0000	375.5410	)
(	-420.0000	-190.0000	375.6520	)
(	-420.0000	-180.0000	375.6492	)
(	-420.0000	-170.0000	375.4548	)
(	-420.0000	-160.0000	375.3356	)
(	-420.0000	-150.0000	375.3423	)
(	-420.0000	-140.0000	375.4617	)
(	-420.0000	-90.0000	375.5206	)
(	-420.0000	-80.0000	375.4132	)
(	-420.0000	-70.0000	375.3135	)
(	-420.0000	-60.0000	375.2582	)
(	-420.0000	-50.0000	375.2782	)
(	-420.0000	-40.0000	375.3551	)
(	-420.0000	-30.0000	375.5284	)
(	-420.0000	-20.0000	375.5933	)
(	-420.0000	-10.0000	375.4815	)
(	-420.0000	0.0000	375.3837	)
(	-420.0000	10.0000	375.3107	)
(	-420.0000	20.0000	375.3419	)
(	-420.0000	30.0000	375.5470	)
(	-420.0000	40.0000	375.6808	)
(	-420.0000	120.0000	375.1500	)
(	-420.0000	130.0000	374.7741	)
(	-420.0000	150.0000	373.8477	)
(	-420.0000	160.0000	373.5277	)
(	-420.0000	170.0000	373.5211	)
(	-420.0000	180.0000	373.1165	)
(	-420.0000	190.0000	372.0490	)
(	-410.0000	-500.0000	376.4876	)
(	-410.0000	-490.0000	376.4722	)
(	-410.0000	-480.0000	376.4131	)
(	-410.0000	-450.0000	376.1073	)
(	-410.0000	-430.0000	376.7959	)
(	-410.0000	-380.0000	375.9368	)
(	-410.0000	-370.0000	375.8789	)
(	-410.0000	-360.0000	375.8367	)
(	-410.0000	-350.0000	375.8206	)
(	-410.0000	-340.0000	375.7855	)
(	-410.0000	-250.0000	375.5491	)
(	-410.0000	-240.0000	375.4196	)
(	-410.0000	-230.0000	375.0014	)
(	-410.0000	-210.0000	375.2437	)
(	-410.0000	-200.0000	375.5091	)
(	-410.0000	-190.0000	375.6021	)
(	-410.0000	-170.0000	375.3949	)
(	-410.0000	-160.0000	375.2838	)
(	-410.0000	-150.0000	375.3086	)
(	-410.0000	-140.0000	375.4706	)
(	-410.0000	-90.0000	375.6043	)
(	-410.0000	-80.0000	375.4598	)
(	-410.0000	-70.0000	375.3271	)
(	-410.0000	-50.0000	375.2409	)
(	-410.0000	-40.0000	375.3044	)
(	-410.0000	-30.0000	375.4769	)
(	-410.0000	-20.0000	375.5329	)
(	-410.0000	-10.0000	375.3951	)
(	-410.0000	0.0000	375.2818	)
(	-410.0000	10.0000	375.2091	)
(	-410.0000	100.0000	375.3929	)
(	-410.0000	110.0000	375.3369	)
(	-410.0000	120.0000	375.1772	)
(	-410.0000	130.0000	374.8408	)
(	-410.0000	160.0000	373.8619	)
(	-410.0000	170.0000	374.0671	)
(	-410.0000	180.0000	373.7813	)
(	-410.0000	190.0000	372.6670	)
(	-400.0000	-500.0000	376.6672	)
(	-400.0000	-490.0000	376.6365	)
(	-400.0000	-460.0000	376.2266	)
(	-400.0000	-450.0000	376.0639	)
(	-400.0000	-420.0000	376.7770	)
(	-400.0000	-380.0000	375.6991	)
(	-400.0000	-370.0000	375.6841	)
(	-400.0000	-360.0000	375.6846	)
(	-400.0000	-350.0000	375.7123	)
(	-400.0000	-340.0000	375.7221	)
(	-400.0000	-330.0000	375.7039	)
(	-400.0000	-260.0000	375.5573	)
(	-400.0000	-250.0000	375.5832	)
(	-400.0000	-240.0000	375.4283	)
(	-400.0000	-210.0000	375.2552	)
(	-400.0000	-200.0000	375.5415	)
(	-400.0000	-190.0000	375.6051	)
(	-400.0000	-170.0000	375.3664	)
(	-400.0000	-160.0000	375.2496	)
(	-400.0000	-150.0000	375.2777	)
(	-400.0000	-140.0000	375.4460	)
(	-400.0000	-130.0000	375.8546	)
(	-400.0000	-120.0000	376.0532	)
(	-400.0000	-110.0000	375.9013	)
(	-400.0000	-100.0000	375.7477	)
(	-400.0000	-90.0000	375.5939	)
(	-400.0000	-80.0000	375.4420	)
(	-400.0000	-50.0000	375.2109	)
(	-400.0000	-20.0000	375.5176	)
(	-400.0000	-10.0000	375.3817	)
(	-400.0000	10.0000	375.1961	)
(	-400.0000	50.0000	375.5286	)
(	-400.0000	60.0000	375.4700	)
(	-400.0000	70.0000	375.3685	)
(	-400.0000	80.0000	375.3023	)
(	-400.0000	90.0000	375.2976	)
(	-400.0000	100.0000	375.3054	)
(	-400.0000	110.0000	375.3341	)
(	-400.0000	120.0000	375.2555	)
(	-400.0000	130.0000	374.9922	)
(	-400.0000	160.0000	374.3058	)
(	-400.0000	170.0000	374.6507	)
(	-400.0000	180.0000	374.4842	)
(	-400.0000	190.0000	373.4357	)
(	-390.0000	-500.0000	376.6523	)
(	-390.0000	-490.0000	376.5921	)
(	-390.0000	-470.0000	376.2787	)
(	-390.0000	-460.0000	376.0850	)
(	-390.0000	-450.0000	375.9024	)
(	-390.0000	-440.0000	375.9182	)
(	-390.0000	-410.0000	376.1760	)
(	-390.0000	-390.0000	375.6453	)
(	-390.0000	-380.0000	375.4795	)
(	-390.0000	-360.0000	375.5565	)
(	-390.0000	-350.0000	375.6240	)
(	-390.0000	-340.0000	375.6771	)
(	-390.0000	-330.0000	375.7062	)
(	-390.0000	-320.0000	375.6888	)
(	-390.0000	-270.0000	375.6313	)
(	-390.0000	-260.0000	375.6866	)
(	-390.0000	-250.0000	375.7015	)
(	-390.0000	-220.0000	375.0250	)
(	-390.0000	-210.0000	375.4108	)
(	-390.0000	-200.0000	375.6595	)
(	-390.0000	-190.0000	375.6792	)
(	-390.0000	-180.0000	375.6071	)
(	-390.0000	-170.0000	375.3804	)
(	-390.0000	-160.0000	375.2431	)
(	-390.0000	-150.0000	375.2536	)
(	-390.0000	-140.0000	375.3834	)
(	-390.0000	-130.0000	375.7136	)
(	-390.0000	-120.0000	375.8633	)
(	-390.0000	-110.0000	375.7062	)
(	-390.0000	-100.0000	375.5670	)
(	-390.0000	-90.0000	375.4550	)
(	-390.0000	-80.0000	375.3331	)
(	-390.0000	-50.0000	375.1908	)
(	-390.0000	-20.0000	375.5623	)
(	-390.0000	-10.0000	375.4688	)
(	-390.0000	30.0000	375.5220	)
(	-390.0000	40.0000	375.6196	)
(	-390.0000	50.0000	375.5559	)
(	-390.0000	120.0000	375.4034	)
(	-390.0000	130.0000	375.2585	)
(	-390.0000	140.0000	375.0893	)
(	-390.0000	160.0000	374.9037	)
(	-390.0000	170.0000	375.2946	)
(	-390.0000	180.0000	375.2329	)
(	-390.0000	190.0000	374.3897	)
(	-380.0000	-500.0000	376.5921	)
(	-380.0000	-470.0000	376.1981	)
(	-380.0000	-430.0000	376.0971	)
(	-380.0000	-400.0000	375.7342	)
(	-380.0000	-390.0000	375.5247	)
(	-380.0000	-380.0000	375.4158	)
(	-380.0000	-350.0000	375.6312	)
(	-380.0000	-340.0000	375.7063	)
(	-380.0000	-330.0000	375.7606	)
(	-380.0000	-320.0000	375.7751	)
(	-380.0000	-310.0000	375.7218	)
(	-380.0000	-300.0000	375.6845	)
(	-380.0000	-280.0000	375.6885	)
(	-380.0000	-270.0000	375.7484	)
(	-380.0000	-260.0000	375.7848	)
(	-380.0000	-230.0000	375.2602	)
(	-380.0000	-220.0000	375.1526	)
(	-380.0000	-210.0000	375.4993	)
(	-380.0000	-200.0000	375.7093	)
(	-380.0000	-190.0000	375.6945	)
(	-380.0000	-180.0000	375.5958	)
(	-380.0000	-170.0000	375.3547	)
(	-380.0000	-160.0000	375.2046	)
(	-380.0000	-140.0000	375.3069	)
(	-380.0000	-130.0000	375.5704	)
(	-380.0000	-120.0000	375.6801	)
(	-380.0000	-110.0000	375.5280	)
(	-380.0000	-100.0000	375.4044	)
(	-380.0000	-90.0000	375.3270	)
(	-380.0000	-80.0000	375.2314	)
(	-380.0000	-60.0000	375.0630	)
(	-380.0000	-50.0000	375.1588	)
(	-380.0000	-20.0000	375.5768	)
(	-380.0000	-10.0000	375.5190	)
(	-380.0000	10.0000	375.3792	)
(	-380.0000	30.0000	375.5811	)
(	-380.0000	40.0000	375.6607	)
(	-380.0000	120.0000	375.4654	)
(	-380.0000	130.0000	375.3942	)
(	-380.0000	140.0000	375.3031	)
(	-380.0000	160.0000	375.2462	)
(	-380.0000	170.0000	375.6385	)
(	-380.0000	180.0000	375.6399	)
(	-380.0000	190.0000	374.9614	)
(	-370.0000	-480.0000	376.3403	)
(	-370.0000	-460.0000	375.9937	)
(	-370.0000	-420.0000	376.1884	)
(	-370.0000	-410.0000	375.9891	)
(	-370.0000	-400.0000	375.8044	)
(	-370.0000	-390.0000	375.6424	)
(	-370.0000	-380.0000	375.5618	)
(	-370.0000	-330.0000	375.8892	)
(	-370.0000	-320.0000	375.9069	)
(	-370.0000	-310.0000	375.8650	)
(	-370.0000	-300.0000	375.8296	)
(	-370.0000	-290.0000	375.8057	)
(	-370.0000	-280.0000	375.8018	)
(	-370.0000	-270.0000	375.8336	)
(	-370.0000	-240.0000	375.6596	)
(	-370.0000	-230.0000	375.3088	)
(	-370.0000	-200.0000	375.6661	)
(	-370.0000	-190.0000	375.6296	)
(	-370.0000	-180.0000	375.5161	)
(	-370.0000	-170.0000	375.2729	)
(	-370.0000	-160.0000	375.1240	)
(	-370.0000	-140.0000	375.2133	)
(	-370.0000	-130.0000	375.4224	)
(	-370.0000	-120.0000	375.5050	)
(	-370.0000	-110.0000	375.3698	)
(	-370.0000	-100.0000	375.2666	)
(	-370.0000	-80.0000	375.1389	)
(	-370.0000	-70.0000	375.0119	)
(	-370.0000	-60.0000	374.9810	)
(	-370.0000	-20.0000	375.5507	)
(	-370.0000	-10.0000	375.5192	)
(	-370.0000	30.0000	375.6104	)
(	-370.0000	40.0000	375.6802	)
(	-370.0000	50.0000	375.5742	)
(	-370.0000	60.0000	375.4514	)
(	-370.0000	80.0000	375.1988	)
(	-370.0000	90.0000	375.1777	)
(	-370.0000	100.0000	375.2146	)
(	-370.0000	120.0000	375.4146	)
(	-370.0000	130.0000	375.3625	)
(	-370.0000	140.0000	375.2909	)
(	-370.0000	170.0000	375.5916	)
(	-370.0000	180.0000	375.5999	)
(	-370.0000	190.0000	375.0286	)
(	-360.0000	-490.0000	376.3446	)
(	-360.0000	-450.0000	375.8891	)
(	-360.0000	-440.0000	375.9055	)
(	-360.0000	-420.0000	376.1788	)
(	-360.0000	-410.0000	376.0067	)
(	-360.0000	-400.0000	375.8528	)
(	-360.0000	-390.0000	375.7292	)
(	-360.0000	-320.0000	375.9505	)
(	-360.0000	-310.0000	375.9109	)
(	-360.0000	-300.0000	375.8764	)
(	-360.0000	-290.0000	375.8475	)
(	-360.0000	-280.0000	375.8339	)
(	-360.0000	-250.0000	375.7825	)
(	-360.0000	-240.0000	375.6331	)
(	-360.0000	-230.0000	375.3178	)
(	-360.0000	-220.0000	375.2162	)
(	-360.0000	-200.0000	375.6103	)
(	-360.0000	-190.0000	375.5592	)
(	-360.0000	-170.0000	375.2019	)
(	-360.0000	-160.0000	375.0610	)
(	-360.0000	-140.0000	375.1537	)
(	-360.0000	-130.0000	375.3174	)
(	-360.0000	-120.0000	375.3792	)
(	-360.0000	-110.0000	375.2687	)
(	-360.0000	-70.0000	374.9633	)
(	-360.0000	-60.0000	374.9403	)
(	-360.0000	-20.0000	375.5458	)
(	-360.0000	-10.0000	375.5369	)
(	-360.0000	0.0000	375.5086	)
(	-360.0000	10.0000	375.4493	)
(	-360.0000	20.0000	375.4738	)
(	-360.0000	30.0000	375.6398	)
(	-360.0000	40.0000	375.6962	)
(	-360.0000	50.0000	375.5681	)
(	-360.0000	70.0000	375.2628	)
(	-360.0000	120.0000	375.3291	)
(	-360.0000	130.0000	375.2917	)
(	-360.0000	140.0000	375.2372	)
(	-360.0000	150.0000	375.1550	)
(	-360.0000	160.0000	375.2080	)
(	-360.0000	170.0000	375.4906	)
(	-360.0000	180.0000	375.5027	)
(	-360.0000	190.0000	375.0405	)
(	-350.0000	-500.0000	376.2560	)
(	-350.0000	-460.0000	375.9784	)
(	-350.0000	-450.0000	375.9156	)
(	-350.0000	-440.0000	375.9372	)
(	-350.0000	-430.0000	376.1044	)
(	-350.0000	-420.0000	376.1522	)
(	-350.0000	-410.0000	376.0024	)
(	-350.0000	-310.0000	375.8266	)
(	-350.0000	-300.0000	375.7889	)
(	-350.0000	-290.0000	375.7680	)
(	-350.0000	-280.0000	375.7559	)
(	-350.0000	-260.0000	375.7391	)
(	-350.0000	-250.0000	375.6797	)
(	-350.0000	-240.0000	375.5426	)
(	-350.0000	-230.0000	375.2755	)
(	-350.0000	-220.0000	375.1917	)
(	-350.0000	-210.0000	375.4160	)
(	-350.0000	-200.0000	375.5359	)
(	-350.0000	-190.0000	375.4819	)
(	-350.0000	-180.0000	375.3655	)
(	-350.0000	-160.0000	375.0220	)
(	-350.0000	-140.0000	375.1390	)
(	-350.0000	-130.0000	375.2669	)
(	-350.0000	-120.0000	375.3190	)
(	-350.0000	-110.0000	375.2437	)
(	-350.0000	-100.0000	375.1929	)
(	-350.0000	-60.0000	374.9545	)
(	-350.0000	-20.0000	375.5704	)
(	-350.0000	-10.0000	375.5772	)
(	-350.0000	0.0000	375.5586	)
(	-350.0000	50.0000	375.5516	)
(	-350.0000	100.0000	375.0592	)
(	-350.0000	110.0000	375.1498	)
(	-350.0000	120.0000	375.1969	)
(	-350.0000	130.0000	375.1699	)
(	-350.0000	140.0000	375.1269	)
(	-350.0000	150.0000	375.0587	)
(	-350.0000	160.0000	375.0994	)
(	-350.0000	170.0000	375.3229	)
(	-350.0000	180.0000	375.3322	)
(	-340.0000	-500.0000	376.2032	)
(	-340.0000	-470.0000	376.0978	)
(	-340.0000	-460.0000	376.0118	)
(	-340.0000	-450.0000	375.9816	)
(	-340.0000	-440.0000	376.0080	)
(	-340.0000	-430.0000	376.1324	)
(	-340.0000	-420.0000	376.1636	)
(	-340.0000	-410.0000	376.0350	)
(	-340.0000	-310.0000	375.7922	)
(	-340.0000	-300.0000	375.7526	)
(	-340.0000	-290.0000	375.7373	)
(	-340.0000	-280.0000	375.7261	)
(	-340.0000	-270.0000	375.7202	)
(	-340.0000	-260.0000	375.6905	)
(	-340.0000	-250.0000	375.6215	)
(	-340.0000	-230.0000	375.2753	)
(	-340.0000	-220.0000	375.2084	)
(	-340.0000	-210.0000	375.4013	)
(	-340.0000	-200.0000	375.5053	)
(	-340.0000	-180.0000	375.3545	)
(	-340.0000	-170.0000	375.1601	)
(	-340.0000	-160.0000	375.0670	)
(	-340.0000	-140.0000	375.2267	)
(	-340.0000	-110.0000	375.3521	)
(	-340.0000	-100.0000	375.3297	)
(	-340.0000	-90.0000	375.3203	)
(	-340.0000	-80.0000	375.2495	)
(	-340.0000	-70.0000	375.0768	)
(	-340.0000	-60.0000	375.0402	)
(	-340.0000	-20.0000	375.6053	)
(	-340.0000	-10.0000	375.6129	)
(	-340.0000	20.0000	375.5540	)
(	-340.0000	30.0000	375.6929	)
(	-340.0000	50.0000	375.5316	)
(	-340.0000	60.0000	375.3441	)
(	-340.0000	70.0000	375.1442	)
(	-340.0000	80.0000	375.0054	)
(	-340.0000	90.0000	374.9669	)
(	-340.0000	100.0000	374.9676	)
(	-340.0000	170.0000	375.1574	)
(	-340.0000	180.0000	375.1634	)
(	-330.0000	-460.0000	376.0979	)
(	-330.0000	-450.0000	376.0998	)
(	-330.0000	-440.0000	376.1311	)
(	-330.0000	-430.0000	376.2122	)
(	-330.0000	-420.0000	376.2242	)
(	-330.0000	-410.0000	376.1172	)
(	-330.0000	-400.0000	376.0368	)
(	-330.0000	-390.0000	376.0005	)
(	-330.0000	-320.0000	375.8864	)
(	-330.0000	-310.0000	375.8255	)
(	-330.0000	-300.0000	375.7838	)
(	-330.0000	-270.0000	375.7443	)
(	-330.0000	-260.0000	375.7036	)
(	-330.0000	-250.0000	375.6239	)
(	-330.0000	-230.0000	375.3315	)
(	-330.0000	-220.0000	375.2820	)
(	-330.0000	-210.0000	375.4426	)
(	-330.0000	-200.0000	375.5327	)
(	-330.0000	-170.0000	375.2747	)
(	-330.0000	-140.0000	375.4545	)
(	-330.0000	-100.0000	375.6469	)
(	-330.0000	-90.0000	375.6179	)
(	-330.0000	-80.0000	375.5165	)
(	-330.0000	-70.0000	375.2960	)
(	-330.0000	-20.0000	375.6557	)
(	-330.0000	-10.0000	375.6430	)
(	-330.0000	10.0000	375.5623	)
(	-330.0000	20.0000	375.5770	)
(	-330.0000	30.0000	375.7052	)
(	-330.0000	50.0000	375.5063	)
(	-330.0000	60.0000	375.2997	)
(	-330.0000	70.0000	375.0853	)
(	-330.0000	80.0000	374.9362	)
(	-330.0000	90.0000	374.8943	)
(	-330.0000	100.0000	374.8836	)
(	-330.0000	180.0000	375.0031	)
(	-320.0000	-460.0000	376.1446	)
(	-320.0000	-450.0000	376.1690	)
(	-320.0000	-440.0000	376.1938	)
(	-320.0000	-430.0000	376.2221	)
(	-320.0000	-420.0000	376.2044	)
(	-320.0000	-410.0000	376.1084	)
(	-320.0000	-400.0000	376.0509	)
(	-320.0000	-390.0000	376.0558	)
(	-320.0000	-380.0000	376.0543	)
(	-320.0000	-330.0000	375.9499	)
(	-320.0000	-320.0000	375.9152	)
(	-320.0000	-310.0000	375.8596	)
(	-320.0000	-280.0000	375.8179	)
(	-320.0000	-270.0000	375.7958	)
(	-320.0000	-260.0000	375.7501	)
(	-320.0000	-250.0000	375.6650	)
(	-320.0000	-240.0000	375.5654	)
(	-320.0000	-230.0000	375.4406	)
(	-320.0000	-220.0000	375.4123	)
(	-320.0000	-200.0000	375.6201	)
(	-320.0000	-190.0000	375.5923	)
(	-320.0000	-180.0000	375.5248	)
(	-320.0000	-170.0000	375.3909	)
(	-320.0000	-150.0000	375.5111	)
(	-320.0000	-140.0000	375.6252	)
(	-320.0000	-80.0000	375.6854	)
(	-320.0000	-70.0000	375.4274	)
(	-320.0000	-20.0000	375.6744	)
(	-320.0000	-10.0000	375.6521	)
(	-320.0000	10.0000	375.5776	)
(	-320.0000	50.0000	375.4890	)
(	-320.0000	60.0000	375.2662	)
(	-320.0000	70.0000	375.0415	)
(	-320.0000	80.0000	374.8862	)
(	-320.0000	90.0000	374.8446	)
(	-320.0000	100.0000	374.8241	)
(	-320.0000	180.0000	374.8496	)
(	-320.0000	190.0000	374.7842	)
(	-310.0000	-500.0000	376.2216	)
(	-310.0000	-470.0000	376.1906	)
(	-310.0000	-460.0000	376.1384	)
(	-310.0000	-450.0000	376.1708	)
(	-310.0000	-440.0000	376.1760	)
(	-310.0000	-410.0000	375.9778	)
(	-310.0000	-400.0000	375.9403	)
(	-310.0000	-390.0000	375.9998	)
(	-310.0000	-380.0000	376.0357	)
(	-310.0000	-370.0000	376.0313	)
(	-310.0000	-330.0000	375.9548	)
(	-310.0000	-320.0000	375.9312	)
(	-310.0000	-290.0000	375.8990	)
(	-310.0000	-280.0000	375.9040	)
(	-310.0000	-250.0000	375.7603	)
(	-310.0000	-240.0000	375.6851	)
(	-310.0000	-230.0000	375.6192	)
(	-310.0000	-220.0000	375.6199	)
(	-310.0000	-190.0000	375.7350	)
(	-310.0000	-180.0000	375.6496	)
(	-310.0000	-170.0000	375.5101	)
(	-310.0000	-150.0000	375.6288	)
(	-310.0000	-140.0000	375.7203	)
(	-310.0000	-130.0000	375.7225	)
(	-310.0000	-120.0000	375.7547	)
(	-310.0000	-70.0000	375.4404	)
(	-310.0000	-60.0000	375.3356	)
(	-310.0000	-20.0000	375.6499	)
(	-310.0000	-10.0000	375.6333	)
(	-310.0000	60.0000	375.2484	)
(	-310.0000	70.0000	375.0182	)
(	-310.0000	80.0000	374.8615	)
(	-310.0000	90.0000	374.8260	)
(	-310.0000	100.0000	374.7976	)
(	-310.0000	180.0000	374.7055	)
(	-310.0000	190.0000	374.7354	)
(	-300.0000	-500.0000	376.2529	)
(	-300.0000	-490.0000	376.3137	)
(	-300.0000	-480.0000	376.3129	)
(	-300.0000	-470.0000	376.2088	)
(	-300.0000	-460.0000	376.1551	)
(	-300.0000	-450.0000	376.1860	)
(	-300.0000	-420.0000	376.0173	)
(	-300.0000	-410.0000	375.9190	)
(	-300.0000	-400.0000	375.8841	)
(	-300.0000	-390.0000	375.9581	)
(	-300.0000	-380.0000	376.0103	)
(	-300.0000	-370.0000	376.0206	)
(	-300.0000	-340.0000	375.9550	)
(	-300.0000	-330.0000	375.9421	)
(	-300.0000	-300.0000	375.8973	)
(	-300.0000	-290.0000	375.9313	)
(	-300.0000	-250.0000	375.8178	)
(	-300.0000	-240.0000	375.7596	)
(	-300.0000	-230.0000	375.7303	)
(	-300.0000	-220.0000	375.7506	)
(	-300.0000	-210.0000	375.8543	)
(	-300.0000	-200.0000	375.8943	)
(	-300.0000	-170.0000	375.5994	)
(	-300.0000	-160.0000	375.5683	)
(	-300.0000	-150.0000	375.7088	)
(	-300.0000	-140.0000	375.7850	)
(	-300.0000	-130.0000	375.7522	)
(	-300.0000	-120.0000	375.7627	)
(	-300.0000	-60.0000	375.3195	)
(	-300.0000	-50.0000	375.5016	)
(	-300.0000	-20.0000	375.5823	)
(	-300.0000	-10.0000	375.5556	)
(	-300.0000	0.0000	375.5276	)
(	-300.0000	10.0000	375.4997	)
(	-300.0000	20.0000	375.5260	)
(	-300.0000	30.0000	375.6432	)
(	-300.0000	40.0000	375.6336	)
(	-300.0000	50.0000	375.4120	)
(	-300.0000	60.0000	375.1908	)
(	-300.0000	70.0000	374.9710	)
(	-300.0000	80.0000	374.8238	)
(	-300.0000	90.0000	374.7966	)
(	-300.0000	100.0000	374.7681	)
(	-300.0000	180.0000	374.6122	)
(	-300.0000	190.0000	374.6887	)
(	-290.0000	-500.0000	376.3172	)
(	-290.0000	-490.0000	376.3636	)
(	-290.0000	-480.0000	376.3565	)
(	-290.0000	-470.0000	376.2596	)
(	-290.0000	-460.0000	376.2048	)
(	-290.0000	-450.0000	376.2211	)
(	-290.0000	-430.0000	376.1337	)
(	-290.0000	-420.0000	376.0529	)
(	-290.0000	-410.0000	375.9570	)
(	-290.0000	-400.0000	375.9078	)
(	-290.0000	-390.0000	375.9400	)
(	-290.0000	-380.0000	375.9748	)
(	-290.0000	-370.0000	376.0101	)
(	-290.0000	-350.0000	375.9579	)
(	-290.0000	-340.0000	375.9195	)
(	-290.0000	-310.0000	375.8652	)
(	-290.0000	-300.0000	375.8660	)
(	-290.0000	-260.0000	375.8881	)
(	-290.0000	-250.0000	375.8239	)
(	-290.0000	-240.0000	375.7755	)
(	-290.0000	-230.0000	375.7533	)
(	-290.0000	-220.0000	375.7772	)
(	-290.0000	-210.0000	375.8784	)
(	-290.0000	-200.0000	375.9170	)
(	-290.0000	-190.0000	375.8502	)
(	-290.0000	-160.0000	375.6198	)
(	-290.0000	-150.0000	375.7402	)
(	-290.0000	-130.0000	375.7682	)
(	-290.0000	-120.0000	375.7729	)
(	-290.0000	-50.0000	375.4355	)
(	-290.0000	-40.0000	375.5235	)
(	-290.0000	-30.0000	375.4982	)
(	-290.0000	-20.0000	375.4584	)
(	-290.0000	-10.0000	375.3959	)
(	-290.0000	0.0000	375.3423	)
(	-290.0000	10.0000	375.3011	)
(	-290.0000	20.0000	375.3168	)
(	-290.0000	30.0000	375.4275	)
(	-290.0000	40.0000	375.4325	)
(	-290.0000	50.0000	375.2593	)
(	-290.0000	60.0000	375.0789	)
(	-290.0000	70.0000	374.8910	)
(	-290.0000	80.0000	374.7682	)
(	-290.0000	90.0000	374.7516	)
(	-290.0000	100.0000	374.7335	)
(	-290.0000	180.0000	374.5912	)
(	-290.0000	190.0000	374.6469	)
(	-280.0000	-500.0000	376.3543	)
(	-280.0000	-490.0000	376.3855	)
(	-280.0000	-480.0000	376.3712	)
(	-280.0000	-470.0000	376.2809	)
(	-280.0000	-460.0000	376.2250	)
(	-280.0000	-440.0000	376.2009	)
(	-280.0000	-430.0000	376.1326	)
(	-280.0000	-420.0000	376.0551	)
(	-280.0000	-410.0000	375.9611	)
(	-280.0000	-400.0000	375.9008	)
(	-280.0000	-390.0000	375.8994	)
(	-280.0000	-370.0000	375.9904	)
(	-280.0000	-360.0000	376.0075	)
(	-280.0000	-350.0000	375.9405	)
(	-280.0000	-340.0000	375.8965	)
(	-280.0000	-310.0000	375.8646	)
(	-280.0000	-300.0000	375.8708	)
(	-280.0000	-270.0000	375.9236	)
(	-280.0000	-260.0000	375.8938	)
(	-280.0000	-250.0000	375.8346	)
(	-280.0000	-240.0000	375.7892	)
(	-280.0000	-230.0000	375.7677	)
(	-280.0000	-220.0000	375.7889	)
(	-280.0000	-210.0000	375.8813	)
(	-280.0000	-200.0000	375.9147	)
(	-280.0000	-190.0000	375.8490	)
(	-280.0000	-180.0000	375.7712	)
(	-280.0000	-170.0000	375.6715	)
(	-280.0000	-160.0000	375.6476	)
(	-280.0000	-130.0000	375.7630	)
(	-280.0000	-60.0000	375.2579	)
(	-280.0000	-40.0000	375.4781	)
(	-280.0000	-30.0000	375.4480	)
(	-280.0000	-20.0000	375.3956	)
(	-280.0000	-10.0000	375.3092	)
(	-280.0000	0.0000	375.2315	)
(	-280.0000	10.0000	375.1689	)
(	-280.0000	20.0000	375.1663	)
(	-280.0000	30.0000	375.2628	)
(	-280.0000	40.0000	375.2732	)
(	-280.0000	50.0000	375.1406	)
(	-280.0000	60.0000	374.9950	)
(	-280.0000	70.0000	374.8317	)
(	-280.0000	80.0000	374.7246	)
(	-280.0000	90.0000	374.7120	)
(	-280.0000	100.0000	374.6990	)
(	-280.0000	110.0000	374.6856	)
(	-280.0000	120.0000	374.6779	)
(	-280.0000	130.0000	374.6812	)
(	-280.0000	140.0000	374.6761	)
(	-280.0000	150.0000	374.6583	)
(	-280.0000	160.0000	374.6297	)
(	-280.0000	170.0000	374.5838	)
(	-280.0000	180.0000	374.5674	)
(	-280.0000	190.0000	374.6024	)
(	-270.0000	-500.0000	376.3559	)
(	-270.0000	-490.0000	376.3704	)
(	-270.0000	-480.0000	376.3477	)
(	-270.0000	-470.0000	376.2634	)
(	-270.0000	-440.0000	376.1548	)
(	-270.0000	-430.0000	376.0888	)
(	-270.0000	-420.0000	376.0134	)
(	-270.0000	-410.0000	375.9205	)
(	-270.0000	-400.0000	375.8522	)
(	-270.0000	-370.0000	375.9582	)
(	-270.0000	-360.0000	376.0001	)
(	-270.0000	-350.0000	375.9305	)
(	-270.0000	-340.0000	375.8905	)
(	-270.0000	-320.0000	375.9089	)
(	-270.0000	-310.0000	375.9109	)
(	-270.0000	-270.0000	375.9526	)
(	-270.0000	-260.0000	375.9148	)
(	-270.0000	-250.0000	375.8516	)
(	-270.0000	-240.0000	375.8005	)
(	-270.0000	-230.0000	375.7704	)
(	-270.0000	-220.0000	375.7798	)
(	-270.0000	-210.0000	375.8543	)
(	-270.0000	-200.0000	375.8777	)
(	-270.0000	-190.0000	375.8144	)
(	-270.0000	-180.0000	375.7452	)
(	-270.0000	-170.0000	375.6646	)
(	-270.0000	-160.0000	375.6443	)
(	-270.0000	-150.0000	375.7255	)
(	-270.0000	-130.0000	375.7291	)
(	-270.0000	-60.0000	375.2675	)
(	-270.0000	-30.0000	375.4664	)
(	-270.0000	-20.0000	375.4155	)
(	-270.0000	-10.0000	375.3165	)
(	-270.0000	0.0000	375.2195	)
(	-270.0000	10.0000	375.1260	)
(	-270.0000	20.0000	375.0941	)
(	-270.0000	30.0000	375.1662	)
(	-270.0000	40.0000	375.1733	)
(	-270.0000	50.0000	375.0699	)
(	-270.0000	60.0000	374.9491	)
(	-270.0000	70.0000	374.7992	)
(	-270.0000	80.0000	374.6978	)
(	-270.0000	90.0000	374.6784	)
(	-270.0000	100.0000	374.6644	)
(	-270.0000	110.0000	374.6584	)
(	-270.0000	120.0000	374.6536	)
(	-270.0000	180.0000	374.5423	)
(	-270.0000	190.0000	374.5557	)
(	-260.0000	-490.0000	376.3569	)
(	-260.0000	-480.0000	376.3338	)
(	-260.0000	-470.0000	376.2625	)
(	-260.0000	-440.0000	376.1480	)
(	-260.0000	-430.0000	376.0928	)
(	-260.0000	-420.0000	376.0259	)
(	-260.0000	-410.0000	375.9425	)
(	-260.0000	-380.0000	375.8207	)
(	-260.0000	-370.0000	375.9639	)
(	-260.0000	-360.0000	376.0226	)
(	-260.0000	-340.0000	375.8970	)
(	-260.0000	-330.0000	375.9160	)
(	-260.0000	-320.0000	375.9323	)
(	-260.0000	-280.0000	376.0000	)
(	-260.0000	-270.0000	375.9677	)
(	-260.0000	-260.0000	375.9226	)
(	-260.0000	-250.0000	375.8568	)
(	-260.0000	-240.0000	375.8022	)
(	-260.0000	-230.0000	375.7657	)
(	-260.0000	-220.0000	375.7650	)
(	-260.0000	-210.0000	375.8232	)
(	-260.0000	-200.0000	375.8356	)
(	-260.0000	-190.0000	375.7719	)
(	-260.0000	-180.0000	375.7081	)
(	-260.0000	-170.0000	375.6443	)
(	-260.0000	-160.0000	375.6253	)
(	-260.0000	-150.0000	375.6857	)
(	-260.0000	-140.0000	375.7092	)
(	-260.0000	-130.0000	375.6721	)
(	-260.0000	-120.0000	375.6578	)
(	-260.0000	-110.0000	375.6803	)
(	-260.0000	-100.0000	375.6638	)
(	-260.0000	-70.0000	375.3054	)
(	-260.0000	-60.0000	375.2565	)
(	-260.0000	-50.0000	375.3974	)
(	-260.0000	-20.0000	375.4207	)
(	-260.0000	-10.0000	375.3116	)
(	-260.0000	0.0000	375.1972	)
(	-260.0000	10.0000	375.0757	)
(	-260.0000	20.0000	375.0190	)
(	-260.0000	30.0000	375.0707	)
(	-260.0000	40.0000	375.0781	)
(	-260.0000	50.0000	375.0083	)
(	-260.0000	60.0000	374.9138	)
(	-260.0000	70.0000	374.7815	)
(	-260.0000	80.0000	374.6898	)
(	-260.0000	90.0000	374.6675	)
(	-260.0000	100.0000	374.6540	)
(	-260.0000	110.0000	374.6549	)
(	-260.0000	120.0000	374.6537	)
(	-260.0000	180.0000	374.5382	)
(	-260.0000	190.0000	374.5302	)
(	-250.0000	-470.0000	376.2845	)
(	-250.0000	-460.0000	376.2460	)
(	-250.0000	-430.0000	376.1585	)
(	-250.0000	-420.0000	376.1129	)
(	-250.0000	-380.0000	375.8553	)
(	-250.0000	-370.0000	376.0209	)
(	-250.0000	-340.0000	375.9195	)
(	-250.0000	-330.0000	375.9354	)
(	-250.0000	-320.0000	375.9489	)
(	-250.0000	-310.0000	375.9574	)
(	-250.0000	-300.0000	375.9729	)
(	-250.0000	-290.0000	376.0003	)
(	-250.0000	-280.0000	376.0027	)
(	-250.0000	-270.0000	375.9631	)
(	-250.0000	-260.0000	375.9136	)
(	-250.0000	-250.0000	375.8476	)
(	-250.0000	-240.0000	375.7907	)
(	-250.0000	-230.0000	375.7500	)
(	-250.0000	-220.0000	375.7408	)
(	-250.0000	-210.0000	375.7847	)
(	-250.0000	-200.0000	375.7866	)
(	-250.0000	-190.0000	375.7193	)
(	-250.0000	-180.0000	375.6579	)
(	-250.0000	-170.0000	375.6074	)
(	-250.0000	-150.0000	375.6223	)
(	-250.0000	-140.0000	375.6276	)
(	-250.0000	-130.0000	375.5857	)
(	-250.0000	-120.0000	375.5602	)
(	-250.0000	-110.0000	375.5626	)
(	-250.0000	-100.0000	375.5346	)
(	-250.0000	-90.0000	375.4538	)
(	-250.0000	-80.0000	375.3585	)
(	-250.0000	-50.0000	375.3596	)
(	-250.0000	-40.0000	375.4495	)
(	-250.0000	-20.0000	375.4061	)
(	-250.0000	-10.0000	375.2886	)
(	-250.0000	0.0000	375.1614	)
(	-250.0000	10.0000	375.0168	)
(	-250.0000	20.0000	374.9397	)
(	-250.0000	30.0000	374.9752	)
(	-250.0000	40.0000	374.9867	)
(	-250.0000	50.0000	374.9552	)
(	-250.0000	60.0000	374.8947	)
(	-250.0000	70.0000	374.7840	)
(	-250.0000	80.0000	374.7070	)
(	-250.0000	90.0000	374.6862	)
(	-250.0000	100.0000	374.6765	)
(	-250.0000	110.0000	374.6839	)
(	-250.0000	120.0000	374.6857	)
(	-250.0000	180.0000	374.5637	)
(	-250.0000	190.0000	374.5332	)
(	-240.0000	-460.0000	376.2803	)
(	-240.0000	-450.0000	376.2566	)
(	-240.0000	-420.0000	376.1905	)
(	-240.0000	-390.0000	375.9047	)
(	-240.0000	-380.0000	375.8810	)
(	-240.0000	-350.0000	376.0085	)
(	-240.0000	-340.0000	375.9341	)
(	-240.0000	-330.0000	375.9462	)
(	-240.0000	-300.0000	375.9780	)
(	-240.0000	-290.0000	376.0055	)
(	-240.0000	-270.0000	375.9643	)
(	-240.0000	-260.0000	375.9138	)
(	-240.0000	-250.0000	375.8505	)
(	-240.0000	-240.0000	375.7956	)
(	-240.0000	-230.0000	375.7539	)
(	-240.0000	-220.0000	375.7406	)
(	-240.0000	-210.0000	375.7739	)
(	-240.0000	-200.0000	375.7719	)
(	-240.0000	-190.0000	375.7109	)
(	-240.0000	-180.0000	375.6632	)
(	-240.0000	-170.0000	375.6355	)
(	-240.0000	-110.0000	375.5757	)
(	-240.0000	-100.0000	375.5369	)
(	-240.0000	-90.0000	375.4436	)
(	-240.0000	-80.0000	375.3516	)
(	-240.0000	-70.0000	375.2596	)
(	-240.0000	-20.0000	375.4108	)
(	-240.0000	-10.0000	375.2707	)
(	-240.0000	0.0000	375.1214	)
(	-240.0000	10.0000	374.9544	)
(	-240.0000	20.0000	374.8568	)
(	-240.0000	30.0000	374.8763	)
(	-240.0000	40.0000	374.8918	)
(	-240.0000	50.0000	374.8995	)
(	-240.0000	60.0000	374.8708	)
(	-240.0000	70.0000	374.7821	)
(	-240.0000	80.0000	374.7190	)
(	-240.0000	90.0000	374.6998	)
(	-240.0000	100.0000	374.6940	)
(	-240.0000	110.0000	374.7104	)
(	-240.0000	120.0000	374.7165	)
(	-240.0000	130.0000	374.7062	)
(	-240.0000	180.0000	374.6003	)
(	-240.0000	190.0000	374.5500	)
(	-230.0000	-450.0000	376.2850	)
(	-230.0000	-440.0000	376.2690	)
(	-230.0000	-400.0000	376.1331	)
(	-230.0000	-390.0000	375.9365	)
(	-230.0000	-380.0000	375.8922	)
(	-230.0000	-370.0000	376.1025	)
(	-230.0000	-340.0000	375.9360	)
(	-230.0000	-330.0000	375.9460	)
(	-230.0000	-310.0000	375.9597	)
(	-230.0000	-300.0000	375.9755	)
(	-230.0000	-290.0000	376.0078	)
(	-230.0000	-280.0000	376.0128	)
(	-230.0000	-250.0000	375.8707	)
(	-230.0000	-240.0000	375.8223	)
(	-230.0000	-230.0000	375.7848	)
(	-230.0000	-220.0000	375.7721	)
(	-230.0000	-210.0000	375.7996	)
(	-230.0000	-200.0000	375.8026	)
(	-230.0000	-190.0000	375.7635	)
(	-230.0000	-180.0000	375.7433	)
(	-230.0000	-170.0000	375.7539	)
(	-230.0000	-160.0000	375.7686	)
(	-230.0000	-150.0000	375.7884	)
(	-230.0000	-100.0000	375.7176	)
(	-230.0000	-80.0000	375.4850	)
(	-230.0000	-70.0000	375.4034	)
(	-230.0000	-60.0000	375.3898	)
(	-230.0000	-50.0000	375.4911	)
(	-230.0000	-40.0000	375.5463	)
(	-230.0000	-20.0000	375.4427	)
(	-230.0000	-10.0000	375.2616	)
(	-230.0000	0.0000	375.0776	)
(	-230.0000	10.0000	374.8871	)
(	-230.0000	20.0000	374.7691	)
(	-230.0000	30.0000	374.7723	)
(	-230.0000	40.0000	374.7918	)
(	-230.0000	50.0000	374.8368	)
(	-230.0000	60.0000	374.8399	)
(	-230.0000	70.0000	374.7733	)
(	-230.0000	80.0000	374.7239	)
(	-230.0000	90.0000	374.7067	)
(	-230.0000	100.0000	374.7060	)
(	-230.0000	110.0000	374.7330	)
(	-230.0000	120.0000	374.7462	)
(	-230.0000	130.0000	374.7362	)
(	-230.0000	190.0000	374.5838	)
(	-220.0000	-440.0000	376.2958	)
(	-220.0000	-430.0000	376.3087	)
(	-220.0000	-410.0000	376.2885	)
(	-220.0000	-400.0000	376.1873	)
(	-220.0000	-390.0000	375.9523	)
(	-220.0000	-360.0000	376.2182	)
(	-220.0000	-350.0000	376.0509	)
(	-220.0000	-320.0000	375.9758	)
(	-220.0000	-310.0000	375.9853	)
(	-220.0000	-300.0000	376.0048	)
(	-220.0000	-290.0000	376.0431	)
(	-220.0000	-280.0000	376.0525	)
(	-220.0000	-270.0000	376.0139	)
(	-220.0000	-230.0000	375.8509	)
(	-220.0000	-220.0000	375.8389	)
(	-220.0000	-210.0000	375.8615	)
(	-220.0000	-200.0000	375.8653	)
(	-220.0000	-190.0000	375.8383	)
(	-220.0000	-180.0000	375.8366	)
(	-220.0000	-170.0000	375.8777	)
(	-220.0000	-160.0000	375.9067	)
(	-220.0000	-150.0000	375.9175	)
(	-220.0000	-140.0000	375.9225	)
(	-220.0000	-130.0000	375.9155	)
(	-220.0000	-120.0000	375.9094	)
(	-220.0000	-50.0000	375.5812	)
(	-220.0000	-40.0000	375.6163	)
(	-220.0000	-30.0000	375.5805	)
(	-220.0000	-20.0000	375.4775	)
(	-220.0000	-10.0000	375.2632	)
(	-220.0000	0.0000	375.0492	)
(	-220.0000	10.0000	374.8340	)
(	-220.0000	20.0000	374.6946	)
(	-220.0000	30.0000	374.6814	)
(	-220.0000	40.0000	374.7048	)
(	-220.0000	50.0000	374.7887	)
(	-220.0000	60.0000	374.8230	)
(	-220.0000	70.0000	374.7774	)
(	-220.0000	80.0000	374.7423	)
(	-220.0000	90.0000	374.7263	)
(	-220.0000	100.0000	374.7289	)
(	-220.0000	110.0000	374.7650	)
(	-220.0000	120.0000	374.7823	)
(	-220.0000	130.0000	374.7697	)
(	-220.0000	190.0000	374.6027	)
(	-210.0000	-430.0000	376.3324	)
(	-210.0000	-420.0000	376.3386	)
(	-210.0000	-410.0000	376.3232	)
(	-210.0000	-400.0000	376.2130	)
(	-210.0000	-380.0000	375.8828	)
(	-210.0000	-350.0000	376.0848	)
(	-210.0000	-340.0000	375.9833	)
(	-210.0000	-320.0000	376.0294	)
(	-210.0000	-310.0000	376.0500	)
(	-210.0000	-280.0000	376.1381	)
(	-210.0000	-270.0000	376.1018	)
(	-210.0000	-260.0000	376.0647	)
(	-210.0000	-250.0000	376.0271	)
(	-210.0000	-240.0000	375.9932	)
(	-210.0000	-230.0000	375.9650	)
(	-210.0000	-220.0000	375.9541	)
(	-210.0000	-210.0000	375.9722	)
(	-210.0000	-200.0000	375.9733	)
(	-210.0000	-190.0000	375.9455	)
(	-210.0000	-180.0000	375.9503	)
(	-210.0000	-170.0000	376.0077	)
(	-210.0000	-160.0000	376.0400	)
(	-210.0000	-150.0000	376.0294	)
(	-210.0000	-140.0000	376.0199	)
(	-210.0000	-130.0000	376.0112	)
(	-210.0000	-120.0000	375.9976	)
(	-210.0000	-110.0000	375.9767	)
(	-210.0000	-100.0000	375.9025	)
(	-210.0000	-50.0000	375.6475	)
(	-210.0000	-20.0000	375.5175	)
(	-210.0000	-10.0000	375.2784	)
(	-210.0000	0.0000	375.0401	)
(	-210.0000	10.0000	374.8016	)
(	-210.0000	20.0000	374.6409	)
(	-210.0000	30.0000	374.6108	)
(	-210.0000	40.0000	374.6379	)
(	-210.0000	50.0000	374.7582	)
(	-210.0000	60.0000	374.8248	)
(	-210.0000	70.0000	374.8000	)
(	-210.0000	80.0000	374.7786	)
(	-210.0000	90.0000	374.7632	)
(	-210.0000	100.0000	374.7686	)
(	-210.0000	110.0000	374.8085	)
(	-210.0000	120.0000	374.8265	)
(	-210.0000	130.0000	374.8072	)
(	-210.0000	190.0000	374.6030	)
(	-200.0000	-430.0000	376.3690	)
(	-200.0000	-420.0000	376.3753	)
(	-200.0000	-410.0000	376.3594	)
(	-200.0000	-400.0000	376.2464	)
(	-200.0000	-370.0000	376.1888	)
(	-200.0000	-340.0000	376.0326	)
(	-200.0000	-330.0000	376.0646	)
(	-200.0000	-320.0000	376.0939	)
(	-200.0000	-270.0000	376.1714	)
(	-200.0000	-260.0000	376.1338	)
(	-200.0000	-250.0000	376.0991	)
(	-200.0000	-240.0000	376.0665	)
(	-200.0000	-230.0000	376.0370	)
(	-200.0000	-220.0000	376.0234	)
(	-200.0000	-210.0000	376.0362	)
(	-200.0000	-200.0000	376.0336	)
(	-200.0000	-190.0000	376.0056	)
(	-200.0000	-180.0000	376.0120	)
(	-200.0000	-140.0000	376.0750	)
(	-200.0000	-130.0000	376.0677	)
(	-200.0000	-120.0000	376.0551	)
(	-200.0000	-110.0000	376.0311	)
(	-200.0000	-100.0000	375.9514	)
(	-200.0000	-60.0000	375.6451	)
(	-200.0000	-20.0000	375.5327	)
(	-200.0000	-10.0000	375.2858	)
(	-200.0000	0.0000	375.0381	)
(	-200.0000	10.0000	374.7910	)
(	-200.0000	20.0000	374.6219	)
(	-200.0000	30.0000	374.5827	)
(	-200.0000	40.0000	374.6096	)
(	-200.0000	50.0000	374.7475	)
(	-200.0000	60.0000	374.8294	)
(	-200.0000	70.0000	374.8193	)
(	-200.0000	80.0000	374.8082	)
(	-200.0000	90.0000	374.7949	)
(	-200.0000	100.0000	374.8018	)
(	-200.0000	110.0000	374.8420	)
(	-200.0000	120.0000	374.8601	)
(	-200.0000	130.0000	374.8391	)
(	-200.0000	190.0000	374.6118	)
(	-190.0000	-440.0000	376.4119	)
(	-190.0000	-430.0000	376.4235	)
(	-190.0000	-420.0000	376.4221	)
(	-190.0000	-410.0000	376.3993	)
(	-190.0000	-400.0000	376.2893	)
(	-190.0000	-390.0000	376.0332	)
(	-190.0000	-340.0000	376.1060	)
(	-190.0000	-330.0000	376.1423	)
(	-190.0000	-250.0000	376.1321	)
(	-190.0000	-240.0000	376.0920	)
(	-190.0000	-230.0000	376.0523	)
(	-190.0000	-220.0000	376.0304	)
(	-190.0000	-210.0000	376.0370	)
(	-190.0000	-200.0000	376.0308	)
(	-190.0000	-190.0000	376.0016	)
(	-190.0000	-110.0000	376.0590	)
(	-190.0000	-60.0000	375.6785	)
(	-190.0000	-40.0000	375.7087	)
(	-190.0000	-20.0000	375.5145	)
(	-190.0000	-10.0000	375.2805	)
(	-190.0000	0.0000	375.0455	)
(	-190.0000	10.0000	374.8098	)
(	-190.0000	20.0000	374.6492	)
(	-190.0000	30.0000	374.6124	)
(	-190.0000	40.0000	374.6364	)
(	-190.0000	50.0000	374.7628	)
(	-190.0000	60.0000	374.8399	)
(	-190.0000	70.0000	374.8347	)
(	-190.0000	80.0000	374.8282	)
(	-190.0000	90.0000	374.8197	)
(	-190.0000	100.0000	374.8277	)
(	-190.0000	110.0000	374.8631	)
(	-190.0000	120.0000	374.8797	)
(	-190.0000	130.0000	374.8635	)
(	-190.0000	140.0000	374.8486	)
(	-190.0000	150.0000	374.8357	)
(	-190.0000	160.0000	374.8266	)
(	-190.0000	170.0000	374.8229	)
(	-190.0000	180.0000	374.7693	)
(	-190.0000	190.0000	374.6319	)
(	-180.0000	-440.0000	376.5239	)
(	-180.0000	-430.0000	376.5349	)
(	-180.0000	-420.0000	376.5331	)
(	-180.0000	-410.0000	376.5098	)
(	-180.0000	-400.0000	376.4041	)
(	-180.0000	-390.0000	376.1608	)
(	-180.0000	-380.0000	376.0933	)
(	-180.0000	-370.0000	376.3221	)
(	-180.0000	-350.0000	376.2753	)
(	-180.0000	-340.0000	376.2018	)
(	-180.0000	-310.0000	376.2594	)
(	-180.0000	-300.0000	376.2738	)
(	-180.0000	-290.0000	376.3088	)
(	-180.0000	-210.0000	376.0177	)
(	-180.0000	-200.0000	376.0087	)
(	-180.0000	-190.0000	375.9852	)
(	-180.0000	-140.0000	376.0890	)
(	-180.0000	-130.0000	376.1016	)
(	-180.0000	-70.0000	375.7571	)
(	-180.0000	-60.0000	375.7489	)
(	-180.0000	-20.0000	375.5272	)
(	-180.0000	-10.0000	375.3042	)
(	-180.0000	0.0000	375.0801	)
(	-180.0000	10.0000	374.8551	)
(	-180.0000	20.0000	374.7003	)
(	-180.0000	30.0000	374.6635	)
(	-180.0000	40.0000	374.6826	)
(	-180.0000	50.0000	374.7948	)
(	-180.0000	60.0000	374.8647	)
(	-180.0000	70.0000	374.8629	)
(	-180.0000	80.0000	374.8586	)
(	-180.0000	90.0000	374.8524	)
(	-180.0000	100.0000	374.8598	)
(	-180.0000	110.0000	374.8919	)
(	-180.0000	120.0000	374.9073	)
(	-180.0000	130.0000	374.8958	)
(	-180.0000	140.0000	374.8889	)
(	-180.0000	150.0000	374.8900	)
(	-180.0000	160.0000	374.8857	)
(	-180.0000	170.0000	374.8730	)
(	-180.0000	190.0000	374.6657	)
(	-170.0000	-450.0000	376.7089	)
(	-170.0000	-440.0000	376.7031	)
(	-170.0000	-430.0000	376.7232	)
(	-170.0000	-420.0000	376.7312	)
(	-170.0000	-410.0000	376.7169	)
(	-170.0000	-400.0000	376.6171	)
(	-170.0000	-390.0000	376.3742	)
(	-170.0000	-370.0000	376.4763	)
(	-170.0000	-360.0000	376.5415	)
(	-170.0000	-350.0000	376.4061	)
(	-170.0000	-320.0000	376.3495	)
(	-170.0000	-310.0000	376.3257	)
(	-170.0000	-300.0000	376.3211	)
(	-170.0000	-270.0000	376.2683	)
(	-170.0000	-260.0000	376.2038	)
(	-170.0000	-200.0000	375.9613	)
(	-170.0000	-190.0000	375.9521	)
(	-170.0000	-130.0000	376.1661	)
(	-170.0000	-120.0000	376.2035	)
(	-170.0000	-110.0000	376.2450	)
(	-170.0000	-100.0000	376.2053	)
(	-170.0000	-70.0000	375.8852	)
(	-170.0000	-50.0000	375.8668	)
(	-170.0000	-40.0000	375.8273	)
(	-170.0000	-20.0000	375.5819	)
(	-170.0000	-10.0000	375.3684	)
(	-170.0000	0.0000	375.1532	)
(	-170.0000	10.0000	374.9347	)
(	-170.0000	20.0000	374.7830	)
(	-170.0000	30.0000	374.7430	)
(	-170.0000	40.0000	374.7536	)
(	-170.0000	50.0000	374.8495	)
(	-170.0000	60.0000	374.9090	)
(	-170.0000	70.0000	374.9069	)
(	-170.0000	80.0000	374.9027	)
(	-170.0000	90.0000	374.8950	)
(	-170.0000	100.0000	374.9012	)
(	-170.0000	110.0000	374.9303	)
(	-170.0000	120.0000	374.9460	)
(	-170.0000	130.0000	374.9404	)
(	-170.0000	190.0000	374.7175	)
(	-160.0000	-460.0000	376.8242	)
(	-160.0000	-450.0000	376.8158	)
(	-160.0000	-440.0000	376.8192	)
(	-160.0000	-430.0000	376.8422	)
(	-160.0000	-420.0000	376.8527	)
(	-160.0000	-410.0000	376.8422	)
(	-160.0000	-400.0000	376.7462	)
(	-160.0000	-390.0000	376.5079	)
(	-160.0000	-370.0000	376.5582	)
(	-160.0000	-360.0000	376.6000	)
(	-160.0000	-350.0000	376.4707	)
(	-160.0000	-340.0000	376.3921	)
(	-160.0000	-300.0000	376.3204	)
(	-160.0000	-270.0000	376.2547	)
(	-160.0000	-260.0000	376.1851	)
(	-160.0000	-250.0000	376.1272	)
(	-160.0000	-240.0000	376.0631	)
(	-160.0000	-230.0000	375.9904	)
(	-160.0000	-200.0000	375.9156	)
(	-160.0000	-130.0000	376.1350	)
(	-160.0000	-120.0000	376.1827	)
(	-160.0000	-110.0000	376.2399	)
(	-160.0000	-100.0000	376.2165	)
(	-160.0000	-90.0000	376.0540	)
(	-160.0000	-80.0000	375.9473	)
(	-160.0000	-70.0000	375.9353	)
(	-160.0000	-20.0000	375.6378	)
(	-160.0000	-10.0000	375.4492	)
(	-160.0000	10.0000	375.0309	)
(	-160.0000	20.0000	374.8756	)
(	-160.0000	30.0000	374.8260	)
(	-160.0000	40.0000	374.8222	)
(	-160.0000	50.0000	374.8953	)
(	-160.0000	60.0000	374.9374	)
(	-160.0000	70.0000	374.9286	)
(	-160.0000	80.0000	374.9168	)
(	-160.0000	90.0000	374.9020	)
(	-160.0000	100.0000	374.9036	)
(	-160.0000	110.0000	374.9329	)
(	-160.0000	120.0000	374.9532	)
(	-160.0000	130.0000	374.9568	)
(	-160.0000	140.0000	374.9722	)
(	-150.0000	-470.0000	376.8175	)
(	-150.0000	-460.0000	376.8488	)
(	-150.0000	-450.0000	376.8453	)
(	-150.0000	-440.0000	376.8494	)
(	-150.0000	-430.0000	376.8676	)
(	-150.0000	-420.0000	376.8732	)
(	-150.0000	-410.0000	376.8578	)
(	-150.0000	-400.0000	376.7619	)
(	-150.0000	-380.0000	376.4311	)
(	-150.0000	-370.0000	376.5406	)
(	-150.0000	-360.0000	376.5647	)
(	-150.0000	-350.0000	376.4453	)
(	-150.0000	-340.0000	376.3708	)
(	-150.0000	-330.0000	376.3719	)
(	-150.0000	-320.0000	376.3481	)
(	-150.0000	-280.0000	376.2739	)
(	-150.0000	-270.0000	376.1995	)
(	-150.0000	-260.0000	376.1322	)
(	-150.0000	-250.0000	376.0790	)
(	-150.0000	-240.0000	376.0178	)
(	-150.0000	-230.0000	375.9447	)
(	-150.0000	-210.0000	375.8871	)
(	-150.0000	-200.0000	375.8707	)
(	-150.0000	-160.0000	375.9120	)
(	-150.0000	-150.0000	375.9246	)
(	-150.0000	-140.0000	375.9436	)
(	-150.0000	-130.0000	375.9746	)
(	-150.0000	-120.0000	376.0152	)
(	-150.0000	-110.0000	376.0696	)
(	-150.0000	-100.0000	376.0574	)
(	-150.0000	-90.0000	375.9295	)
(	-150.0000	-80.0000	375.8578	)
(	-150.0000	-70.0000	375.8792	)
(	-150.0000	-20.0000	375.6943	)
(	-150.0000	-10.0000	375.5524	)
(	-150.0000	10.0000	375.1515	)
(	-150.0000	20.0000	374.9840	)
(	-150.0000	30.0000	374.9150	)
(	-150.0000	40.0000	374.8872	)
(	-150.0000	50.0000	374.9276	)
(	-150.0000	60.0000	374.9435	)
(	-150.0000	70.0000	374.9186	)
(	-150.0000	80.0000	374.8907	)
(	-150.0000	90.0000	374.8600	)
(	-150.0000	100.0000	374.8534	)
(	-150.0000	110.0000	374.8884	)
(	-150.0000	120.0000	374.9171	)
(	-150.0000	130.0000	374.9358	)
(	-150.0000	140.0000	374.9680	)
(	-150.0000	170.0000	375.0252	)
(	-150.0000	180.0000	374.9520	)
(	-150.0000	190.0000	374.7988	)
(	-140.0000	-500.0000	376.6538	)
(	-140.0000	-480.0000	376.7709	)
(	-140.0000	-470.0000	376.8250	)
(	-140.0000	-460.0000	376.8596	)
(	-140.0000	-450.0000	376.8603	)
(	-140.0000	-440.0000	376.8655	)
(	-140.0000	-430.0000	376.8787	)
(	-140.0000	-420.0000	376.8797	)
(	-140.0000	-410.0000	376.8588	)
(	-140.0000	-390.0000	376.5523	)
(	-140.0000	-380.0000	376.4486	)
(	-140.0000	-370.0000	376.5294	)
(	-140.0000	-330.0000	376.3735	)
(	-140.0000	-320.0000	376.3448	)
(	-140.0000	-310.0000	376.2689	)
(	-140.0000	-300.0000	376.2354	)
(	-140.0000	-260.0000	376.1384	)
(	-140.0000	-240.0000	376.0380	)
(	-140.0000	-210.0000	375.9221	)
(	-140.0000	-200.0000	375.9050	)
(	-140.0000	-170.0000	375.8628	)
(	-140.0000	-160.0000	375.8769	)
(	-140.0000	-150.0000	375.8802	)
(	-140.0000	-140.0000	375.8906	)
(	-140.0000	-130.0000	375.9138	)
(	-140.0000	-120.0000	375.9496	)
(	-140.0000	-110.0000	376.0048	)
(	-140.0000	-100.0000	375.9974	)
(	-140.0000	-90.0000	375.8863	)
(	-140.0000	-80.0000	375.8315	)
(	-140.0000	-20.0000	375.7096	)
(	-140.0000	-10.0000	375.5970	)
(	-140.0000	10.0000	375.2136	)
(	-140.0000	20.0000	375.0412	)
(	-140.0000	30.0000	374.9608	)
(	-140.0000	40.0000	374.9167	)
(	-140.0000	50.0000	374.9324	)
(	-140.0000	60.0000	374.9301	)
(	-140.0000	70.0000	374.8970	)
(	-140.0000	80.0000	374.8610	)
(	-140.0000	90.0000	374.8207	)
(	-140.0000	100.0000	374.8101	)
(	-140.0000	110.0000	374.8501	)
(	-140.0000	140.0000	374.9692	)
(	-140.0000	150.0000	375.0478	)
(	-140.0000	160.0000	375.0868	)
(	-140.0000	170.0000	375.0620	)
(	-140.0000	180.0000	374.9901	)
(	-140.0000	190.0000	374.8380	)
(	-130.0000	-500.0000	376.6247	)
(	-130.0000	-490.0000	376.6938	)
(	-130.0000	-480.0000	376.7578	)
(	-130.0000	-470.0000	376.8130	)
(	-130.0000	-460.0000	376.8500	)
(	-130.0000	-450.0000	376.8557	)
(	-130.0000	-440.0000	376.8621	)
(	-130.0000	-430.0000	376.8705	)
(	-130.0000	-420.0000	376.8672	)
(	-130.0000	-400.0000	376.7546	)
(	-130.0000	-390.0000	376.5645	)
(	-130.0000	-380.0000	376.4669	)
(	-130.0000	-350.0000	376.4545	)
(	-130.0000	-340.0000	376.4079	)
(	-130.0000	-320.0000	376.3893	)
(	-130.0000	-310.0000	376.3088	)
(	-130.0000	-300.0000	376.2773	)
(	-130.0000	-290.0000	376.3283	)
(	-130.0000	-280.0000	376.3365	)
(	-130.0000	-210.0000	376.0602	)
(	-130.0000	-200.0000	376.0457	)
(	-130.0000	-160.0000	375.9644	)
(	-130.0000	-150.0000	375.9627	)
(	-130.0000	-140.0000	375.9682	)
(	-130.0000	-130.0000	375.9885	)
(	-130.0000	-120.0000	376.0232	)
(	-130.0000	-110.0000	376.0819	)
(	-130.0000	-100.0000	376.0749	)
(	-130.0000	-90.0000	375.9568	)
(	-130.0000	-80.0000	375.8951	)
(	-130.0000	-70.0000	375.9268	)
(	-130.0000	-60.0000	375.9442	)
(	-130.0000	-50.0000	375.9370	)
(	-130.0000	-20.0000	375.6709	)
(	-130.0000	-10.0000	375.5638	)
(	-130.0000	10.0000	375.1958	)
(	-130.0000	20.0000	375.0292	)
(	-130.0000	30.0000	374.9477	)
(	-130.0000	40.0000	374.8982	)
(	-130.0000	50.0000	374.8994	)
(	-130.0000	60.0000	374.8890	)
(	-130.0000	70.0000	374.8580	)
(	-130.0000	80.0000	374.8237	)
(	-130.0000	90.0000	374.7847	)
(	-130.0000	100.0000	374.7770	)
(	-130.0000	110.0000	374.8205	)
(	-130.0000	120.0000	374.8654	)
(	-130.0000	140.0000	374.9774	)
(	-130.0000	150.0000	375.0776	)
(	-130.0000	160.0000	375.1298	)
(	-130.0000	170.0000	375.1041	)
(	-130.0000	180.0000	375.0316	)
(	-130.0000	190.0000	374.8802	)
(	-120.0000	-490.0000	376.7200	)
(	-120.0000	-480.0000	376.7777	)
(	-120.0000	-450.0000	376.8449	)
(	-120.0000	-440.0000	376.8393	)
(	-120.0000	-430.0000	376.8307	)
(	-120.0000	-400.0000	376.6801	)
(	-120.0000	-390.0000	376.5168	)
(	-120.0000	-350.0000	376.4317	)
(	-120.0000	-340.0000	376.4088	)
(	-120.0000	-320.0000	376.4108	)
(	-120.0000	-270.0000	376.3242	)
(	-120.0000	-260.0000	376.2796	)
(	-120.0000	-250.0000	376.2559	)
(	-120.0000	-240.0000	376.2186	)
(	-120.0000	-220.0000	376.1304	)
(	-120.0000	-210.0000	376.1498	)
(	-120.0000	-200.0000	376.1363	)
(	-120.0000	-190.0000	376.0699	)
(	-120.0000	-100.0000	376.1043	)
(	-120.0000	-90.0000	375.9851	)
(	-120.0000	-80.0000	375.9219	)
(	-120.0000	-70.0000	375.9522	)
(	-120.0000	-60.0000	375.9622	)
(	-120.0000	-50.0000	375.9375	)
(	-120.0000	-40.0000	375.8739	)
(	-120.0000	-30.0000	375.7454	)
(	-120.0000	-20.0000	375.6292	)
(	-120.0000	-10.0000	375.5328	)
(	-120.0000	10.0000	375.1860	)
(	-120.0000	20.0000	375.0267	)
(	-120.0000	30.0000	374.9465	)
(	-120.0000	40.0000	374.8916	)
(	-120.0000	50.0000	374.8805	)
(	-120.0000	60.0000	374.8637	)
(	-120.0000	70.0000	374.8364	)
(	-120.0000	80.0000	374.8059	)
(	-120.0000	90.0000	374.7701	)
(	-120.0000	100.0000	374.7641	)
(	-120.0000	110.0000	374.8080	)
(	-120.0000	120.0000	374.8565	)
(	-120.0000	140.0000	374.9890	)
(	-120.0000	150.0000	375.1062	)
(	-120.0000	160.0000	375.1674	)
(	-120.0000	170.0000	375.1370	)
(	-120.0000	190.0000	374.9048	)
(	-110.0000	-500.0000	376.7640	)
(	-110.0000	-490.0000	376.8086	)
(	-110.0000	-450.0000	376.8271	)
(	-110.0000	-440.0000	376.7926	)
(	-110.0000	-410.0000	376.6139	)
(	-110.0000	-400.0000	376.5182	)
(	-110.0000	-370.0000	376.3553	)
(	-110.0000	-320.0000	376.4007	)
(	-110.0000	-240.0000	376.2403	)
(	-110.0000	-230.0000	376.1804	)
(	-110.0000	-220.0000	376.1524	)
(	-110.0000	-210.0000	376.1750	)
(	-110.0000	-200.0000	376.1595	)
(	-110.0000	-190.0000	376.0808	)
(	-110.0000	-180.0000	376.0215	)
(	-110.0000	-170.0000	375.9939	)
(	-110.0000	-160.0000	375.9719	)
(	-110.0000	-150.0000	375.9592	)
(	-110.0000	-140.0000	375.9570	)
(	-110.0000	-100.0000	376.0695	)
(	-110.0000	-90.0000	375.9557	)
(	-110.0000	-20.0000	375.5821	)
(	-110.0000	-10.0000	375.5040	)
(	-110.0000	10.0000	375.1868	)
(	-110.0000	20.0000	375.0363	)
(	-110.0000	30.0000	374.9592	)
(	-110.0000	40.0000	374.9030	)
(	-110.0000	50.0000	374.8817	)
(	-110.0000	60.0000	374.8610	)
(	-110.0000	70.0000	374.8394	)
(	-110.0000	80.0000	374.8152	)
(	-110.0000	90.0000	374.7838	)
(	-110.0000	100.0000	374.7794	)
(	-110.0000	110.0000	374.8176	)
(	-110.0000	120.0000	374.8635	)
(	-110.0000	140.0000	375.0058	)
(	-110.0000	150.0000	375.1346	)
